k_global,outer_j,inner_t,agent,r0,r1,v0,v1,u0,u1
0,0,0,1,0.09999999999999999,-1.270620473617471,0.0,0.0,2.0,-2.0
0,0,0,2,0.09999999999999999,-1.270620473617471,0.0,0.0,2.0,-2.0
0,0,0,3,0.09999999999999999,-1.270620473617471,0.0,0.0,2.0,-2.0
0,0,0,4,0.09999999999999999,-1.270620473617471,0.0,0.0,2.0,-2.0
1,0,1,1,0.09999999999999999,-1.270620473617471,0.0,0.0,2.0,-2.0
1,0,1,2,0.09999999999999999,-1.270620473617471,0.0,0.0,2.0,-2.0
1,0,1,3,0.09999999999999999,-1.270620473617471,0.0,0.0,2.0,-2.0
1,0,1,4,0.09999999999999999,-1.270620473617471,0.0,0.0,2.0,-2.0
2,0,2,1,0.2000000000000001,-2.541240947234943,0.0,0.0,2.0,-2.0
2,0,2,2,0.2000000000000001,-2.541240947234943,0.0,0.0,2.0,-2.0
2,0,2,3,0.2000000000000001,-2.541240947234943,0.0,0.0,2.0,-2.0
2,0,2,4,0.2000000000000001,-2.541240947234943,0.0,0.0,2.0,-2.0
3,0,3,1,0.2000000000000001,-2.541240947234943,0.0,0.0,2.0,-1.5402020758680965
3,0,3,2,0.2000000000000001,-2.541240947234943,0.0,0.0,2.0,-1.5279368790342827
3,0,3,3,0.10000000000000002,-2.541240947234943,0.0,0.0,2.0,-1.616325226682601
3,0,3,4,0.10000000000000002,-2.541240947234943,0.0,0.0,2.0,-1.734176356880359
4,0,4,1,0.3040922192472691,-2.821138615002857,0.0,0.0,2.0,-1.5402020758680965
4,0,4,2,0.29611936448125314,-2.804354292427259,0.0,0.0,2.0,-1.5279368790342827
4,0,4,3,0.10000000000000002,-2.541240947234943,0.0,0.0,-2.0,-1.6029818705512078
4,0,4,4,0.10000000000000002,-2.541240947234943,0.0,0.0,-2.0,-1.7208330007489658
5,0,5,1,0.3040922192472691,-2.821138615002857,0.0,0.0,2.0,-2.0
5,0,5,2,0.29611936448125314,-2.804354292427259,0.0,0.0,2.0,-2.0
5,0,5,3,0.10000000000000002,-2.541240947234943,0.0,0.0,2.0,2.0
5,0,5,4,0.10000000000000002,-2.541240947234943,0.0,0.0,2.0,2.0
6,0,6,1,0.3040922192472691,-2.821138615002857,0.0,0.0,2.0,-2.0
6,0,6,2,0.29611936448125314,-2.804354292427259,0.0,0.0,2.0,-2.0
6,0,6,3,0.10000000000000002,-2.541240947234943,0.0,0.0,2.0,2.0
6,0,6,4,0.10000000000000002,-2.541240947234943,0.0,0.0,2.0,2.0
7,1,0,1,0.45435403996823664,-3.7655168684120306,0.0,0.0,2.0,-2.0
7,1,0,2,0.4119792942557426,-3.124215235853214,0.0,0.0,2.0,-2.0
7,1,0,3,0.10000000000000002,-2.541240947234943,0.0,0.0,2.0,2.0
7,1,0,4,0.13266010917421514,-2.9772406362409956,0.0,0.0,2.0,2.0
8,1,1,1,0.49899488215282517,-3.923586776796457,0.0,0.0,2.0,-2.0
8,1,1,2,0.4302800888997151,-3.072115189430846,0.0,0.0,2.0,-2.0
8,1,1,3,-1.2327646500287484,-0.5791677085448304,0.0,0.0,-2.0,2.0
8,1,1,4,0.0970856715667791,-2.990297592532745,0.0,0.0,-2.0,-2.0
9,1,2,1,0.49899488215282517,-3.923586776796457,0.0,0.0,2.0,-2.0
9,1,2,2,0.3343924355081245,-2.627867200323809,0.0,0.0,2.0,2.0
9,1,2,3,-1.17438836028451,-1.391677592367621,0.0,0.0,-2.0,-2.0
9,1,2,4,-1.3987841224525106,-2.7609496382345697,0.0,0.0,-2.0,2.0
10,1,3,1,0.4929965568147514,-3.922561459967908,0.0,0.0,-0.0072179594327618285,-0.001376516042748679
10,1,3,2,0.3377580583469588,-2.631725315978687,0.0,0.0,0.0008729349081350528,-0.00934477162622879
10,1,3,3,-1.17438836028451,-1.391677592367621,0.0,0.0,-1.3054017186120623,-1.1290943158472453
10,1,3,4,-1.3987841224525106,-2.7609496382345697,0.0,0.0,-0.000946923882234357,0.009500510837852834
11,1,4,1,0.49293756660556864,-3.9227461665692345,0.0,0.0,-0.0017871884834939683,-0.00034082225112859173
11,1,4,2,0.3377580583469588,-2.631725315978687,0.0,0.0,0.00021614697962995098,-0.0023137844482267354
11,1,4,3,-1.17438836028451,-1.391677592367621,0.0,0.0,-1.3062246841028289,-1.12923208965689
11,1,4,4,-1.3987841224525106,-2.7609496382345697,0.0,0.0,-0.0002344603988148757,0.0023523587581488693
12,1,5,1,0.49293756660556864,-3.9227461665692345,0.0,0.0,-8.1849397991523e-06,-1.5470137374567601e-06
12,1,5,2,0.33775454752901624,-2.631734766275437,0.0,0.0,9.910430713281448e-07,-1.0585477080513817e-05
12,1,5,3,-1.3386552776762248,-1.4299649415791182,0.0,0.0,-1.306494269961734,-1.1292772203679
12,1,5,4,-1.3987889508651794,-2.760940564945828,0.0,0.0,-1.0741179406852489e-06,1.0784399305853148e-05
13,1,6,1,0.49293756660556864,-3.9227461665692345,0.0,0.0,-7.442692258180002e-06,-1.3963518123190762e-06
13,1,6,2,0.33775797990575984,-2.631741037919549,0.0,0.0,9.004160442915581e-07,-9.617147550300826e-06
13,1,6,3,-1.3209599868226989,-1.4072582392469275,0.0,0.0,-1.2739231345949795,-0.9135586514660943
13,1,6,4,-1.3987875213083754,-2.7609314241575014,0.0,0.0,-9.769875462662848e-07,9.812361220880273e-06
14,2,0,1,0.49293756660556864,-3.9227461665692345,0.0,0.0,-0.0755749865004631,0.6640829465279161
14,2,0,2,0.3377591957123203,-2.63174077273135,0.0,0.0,-0.4070720076859779,0.46059890685384763
14,2,0,3,-1.3209599868226989,-1.4072582392469275,0.0,0.0,-1.3017412890305766,-1.0599871753983945
14,2,0,4,-1.405637740343087,-2.771971909781184,0.0,0.0,0.5332419432159468,-0.4266651767503631
15,2,1,1,0.49293756660556864,-3.9227461665692345,0.0,0.0,-0.019176147317499847,0.16850661610006612
15,2,1,2,0.3187632256078846,-2.5325488007762993,0.0,0.0,-0.10329181567268518,0.11687447009514114
15,2,1,3,-1.3209599868226989,-1.4072582392469275,0.0,0.0,-1.2960778356987162,-0.9818522089779999
15,2,1,4,-1.405637740343087,-2.771971909781184,0.0,0.0,0.1353065808395415,-0.10826404724945479
16,2,2,1,0.49293756660556864,-3.9227461665692345,0.0,0.0,0.00011988419843047456,-0.0010523160466915163
16,2,2,2,0.31874843058148944,-2.53257589764802,0.0,0.0,0.000645042038695357,-0.000729726784524693
16,2,2,3,-2.586584855219729,-2.3969430744122886,0.0,0.0,-1.2941400340462497,-0.9551187278361508
16,2,2,4,-1.405637740343087,-2.771971909781184,0.0,0.0,-0.0008449787168965591,0.0006759271238489479
17,2,3,1,0.4895106410577465,-3.9247203351579385,0.0,0.0,0.0012951198792424286,-0.011380319708965973
17,2,3,2,0.3187505920425574,-2.5325659210448928,0.0,0.0,0.006975946317343633,-0.007893236226156836
17,2,3,3,-2.646556897289621,-2.45046677930322,0.0,0.0,0.0008670383571376672,0.011961833518106672
17,2,3,4,-1.4059722312747878,-2.7709078315927047,0.0,0.0,-0.009138109221310373,0.007311707434181633
18,2,4,1,0.4895106410577465,-3.9247203351579385,0.0,0.0,0.000320665826751116,-0.0028177823140182446
18,2,4,2,0.3203410693778279,-2.53306687022462,0.0,0.0,0.0017272579540557685,-0.0019543859725707274
18,2,4,3,-2.6473128596695754,-2.4495146455756625,0.0,0.0,0.00021469021334327002,0.0029617769685271115
18,2,4,4,-1.4059722312747878,-2.7709078315927047,0.0,0.0,-0.0022626109470142704,0.0018104078785191728
19,2,5,1,0.4895106410577465,-3.9247203351579385,0.0,0.0,1.4657494955546692e-06,-1.2887256104816286e-05
19,2,5,2,0.3203410693778279,-2.53306687022462,0.0,0.0,7.909443561307569e-06,-8.94141128885775e-06
19,2,5,3,-2.6473128596695754,-2.4495146455756625,0.0,0.0,9.895380787241302e-07,1.3569192726648037e-05
19,2,5,4,-1.4059722312747878,-2.7709078315927047,0.0,0.0,-1.0352456399444422e-05,8.304931060507232e-06
20,2,6,1,0.4895106410577465,-3.9247203351579385,0.0,0.0,1.3325735697115567e-06,-1.1707518992206793e-05
20,2,6,2,0.3203408531731938,-2.5330708840610736,0.0,0.0,7.192737460643169e-06,-8.121643788508806e-06
20,2,6,3,-2.647314195632929,-2.4495137178192294,0.0,0.0,9.028169200857928e-07,1.2343120057940023e-05
20,2,6,4,-1.4059722312747878,-2.7709078315927047,0.0,0.0,-9.406546711961368e-06,7.5622509488506506e-06
21,3,0,1,0.4895106410577465,-3.9247203351579385,0.0,0.0,-0.08037954561375524,0.6891644362193612
21,3,0,2,-0.23860484687940398,-2.031242117841227,0.0,0.0,-0.7576690373124993,0.1244529776535257
21,3,0,3,-2.6665249696128974,-2.3692384795730743,0.0,0.0,0.6609452727038935,-0.10963685386185212
21,3,0,4,-1.0084701412735566,-2.452982196950393,0.0,0.0,0.17710323761033067,-0.7039808240873193
22,3,1,1,0.4895106410577465,-3.9247203351579385,0.0,0.0,-0.02039585048236408,0.17487155400143645
22,3,1,2,-0.23860484687940398,-2.031242117841227,0.0,0.0,2.0,2.0
22,3,1,3,-2.6665249696128974,-2.3692384795730743,0.0,0.0,0.167710305574156,-0.027820429509512325
22,3,1,4,-1.0084701412735566,-2.452982196950393,0.0,0.0,-2.0,-2.0
23,3,2,1,0.4895106410577465,-3.9247203351579385,0.0,0.0,0.00012735071499408673,-0.0010918881668933018
23,3,2,2,1.6421870698106231,-1.4622118087470657,0.0,0.0,2.0,2.0
23,3,2,3,-2.6665249696128974,-2.3692384795730743,0.0,0.0,-0.0010473767764283583,0.00017351601307792218
23,3,2,4,-2.791801811270518,-2.9166999767977866,0.0,0.0,-2.0,-2.0
24,3,3,1,0.4895106410577465,-3.9247203351579385,0.0,0.0,0.0013774559382181727,-0.011810139327404746
24,3,3,2,1.6486604513731216,-1.4590156253985023,0.0,0.0,0.012984088220657185,-0.0021327411425073966
24,3,3,3,-2.204574119667031,-2.465227603978418,0.0,0.0,2.0,2.0
24,3,3,4,-2.791801811270518,-2.9166999767977866,0.0,0.0,-2.0,-2.0
25,3,4,1,0.48904645612408715,-3.9251570519717753,0.0,0.0,0.00034106203931230097,-0.0029242177682356992
25,3,4,2,1.6486604513731216,-1.4590156253985023,0.0,0.0,0.0032148913608495843,-0.0005280747394254131
25,3,4,3,-2.204574119667031,-2.465227603978418,0.0,0.0,2.0,2.0
25,3,4,4,-2.722984465525487,-3.675530119915174,0.0,0.0,-2.0,-2.0
26,3,5,1,0.48903515605439957,-3.925082825291383,0.0,0.0,1.5620080912872933e-06,-1.337797660930972e-05
26,3,5,2,1.648672368010928,-1.4590244629589881,0.0,0.0,1.4721033791859138e-05,-2.4105391675884473e-06
26,3,5,3,-2.2045740366298108,-2.4652274434245895,0.0,0.0,-1.2832355745369332e-05,2.1445997280583157e-06
26,3,5,4,-2.6557021126198346,-3.6330396481740905,0.0,0.0,-3.4376343524815243e-06,1.3690134739113317e-05
27,3,6,1,0.48903515605439957,-3.925082825291383,0.0,0.0,1.420034884186255e-06,-1.2153677609447436e-05
27,3,6,2,1.6486801412685168,-1.4590212119141568,0.0,0.0,1.3384701511654714e-05,-2.1843136444205285e-06
27,3,6,3,-2.2045740709834307,-2.4652272064194225,0.0,0.0,-1.1661289110083236e-05,1.9574766269211344e-06
27,3,6,4,-2.6557021126198346,-3.6330396481740905,0.0,0.0,-3.1210562160379793e-06,1.2455656457192613e-05
28,4,0,1,0.610756337476279,-4.086284844452307,0.0,0.0,-0.05883914662619635,0.7467359070878417
28,4,0,2,1.648679732023032,-1.4590196162490487,0.0,0.0,-1.3572050571233085,-0.4614813244605018
28,4,0,3,-2.139224051518268,-2.460235496927497,0.0,0.0,0.44249009278616175,-0.043753638710076675
28,4,0,4,-2.6557021126198346,-3.6330396481740905,0.0,0.0,0.9735540975430972,-0.2415011460341899
29,4,1,1,0.610756337476279,-4.086284844452307,0.0,0.0,-0.014930125892450524,0.1894799529651934
29,4,1,2,1.4965773006328895,-1.6374619408737316,0.0,0.0,-0.34438244271787033,-0.11709761235162575
29,4,1,3,-2.139224051518268,-2.460235496927497,0.0,0.0,0.11227962325925901,-0.011102316187446799
29,4,1,4,-2.4984529969331346,-3.5855488624624643,0.0,0.0,0.24703293685862926,-0.06128010948919483
30,4,2,1,0.610756337476279,-4.086284844452307,0.0,0.0,9.321631601196885e-05,-0.001183110001478243
30,4,2,2,1.5044006388776268,-1.6502283235407855,0.0,0.0,0.002150443258204498,0.0007313049329069261
30,4,2,3,-2.139224051518268,-2.460235496927497,0.0,0.0,-0.0007009858279889388,6.928660975967677e-05
30,4,2,4,-2.498206178832093,-3.5750684024507033,0.0,0.0,-0.0015426770837927508,0.0003824641073559843
31,4,3,1,0.6130726313942851,-4.087722952502314,0.0,0.0,0.0010083206652189162,-0.012796734894868933
31,4,3,2,1.5044006388776268,-1.6502283235407855,0.0,0.0,0.023258271209473012,0.007908350199604158
31,4,3,3,-2.1449337353362505,-2.4574687007757707,0.0,0.0,-0.007582896959415576,0.0007497206947620184
31,4,3,4,-2.498206178832093,-3.5750684024507033,0.0,0.0,-0.016683689512850052,0.004138572786450046
32,4,4,1,0.6130726313942851,-4.087722952502314,0.0,0.0,0.00024966283186630197,-0.003168500831356781
32,4,4,2,1.5102231079402764,-1.6485261047193176,0.0,0.0,0.0057588028744680895,0.0019581228321738716
32,4,4,3,-2.1450599709305127,-2.457648849627795,0.0,0.0,-0.0018775449648867758,0.00018555926845187647
32,4,4,4,-2.502308139631986,-3.5739464180578815,0.0,0.0,-0.004130910856828931,0.0010247389667549641
33,4,5,1,0.6130726313942851,-4.087722952502314,0.0,0.0,1.1420857291096423e-06,-1.4496703009812947e-05
33,4,5,2,1.5102474840873967,-1.6485140854101208,0.0,0.0,2.6366552398162136e-05,8.970478444217943e-06
33,4,5,3,-2.1450599709305127,-2.457648849627795,0.0,0.0,-8.671488616644553e-06,1.7422891204452549e-06
33,4,5,4,-2.5023271923079484,-3.573943075652957,0.0,0.0,-1.8904637436354037e-05,4.710855547563017e-06
34,4,6,1,0.6130726313942851,-4.087722952502314,0.0,0.0,1.037430710163803e-06,-1.3171733464411722e-05
34,4,6,2,1.510267653159901,-1.6485153422722774,0.0,0.0,2.3970186030311238e-05,8.159340776722036e-06
34,4,6,3,-2.1450599709305127,-2.457648849627795,0.0,0.0,-8.219523573398353e-06,5.689895465871438e-06
34,4,6,4,-2.5023420768613547,-3.573935751463928,0.0,0.0,-1.7181159837111422e-05,4.294847481385012e-06
35,5,0,1,0.9168892339779154,-4.6349124109046125,0.0,0.0,-0.12195671682934049,0.7995008907822536
35,5,0,2,1.5046519154346822,-1.6409107626307753,0.0,0.0,-0.7233194477648007,-0.6316385340779843
35,5,0,3,-2.1450599709305127,-2.457648849627795,0.0,0.0,0.4143111937819177,-0.08315920152597667
35,5,0,4,-2.5023438665299245,-3.573932814757577,0.0,0.0,0.9402061995595458,-0.3154874287487534
36,5,1,1,0.9168892339779154,-4.6349124109046125,0.0,0.0,-0.030945755020912798,0.20286877577594223
36,5,1,2,1.5046519154346822,-1.6409107626307753,0.0,0.0,-0.18353897335951805,-0.1602745314894205
36,5,1,3,-2.1450599709305127,-2.457648849627795,0.0,0.0,0.10512918617177884,-0.02110143980422557
36,5,1,4,-2.500773720743559,-3.5716151658254174,0.0,0.0,0.23857206229145542,-0.08005308761564318
37,5,2,1,0.9168892339779154,-4.6349124109046125,0.0,0.0,0.000193240857137727,-0.0012667064030871436
37,5,2,2,1.5046519154346822,-1.6409107626307753,0.0,0.0,0.0011457952661222156,0.0010007664223642852
37,5,2,3,-2.145062031022382,-2.4576326912458244,0.0,0.0,-0.00065639287517186,0.00013143304199107362
37,5,2,4,-2.5008038442444818,-3.571446946633863,0.0,0.0,-0.0014895971899572503,0.0004998414924893489
38,5,3,1,0.9135368476446534,-4.64058559974167,0.0,0.0,0.002089959359176202,-0.013700962711023211
38,5,3,2,1.504582152416564,-1.6407676818264392,0.0,0.0,0.012395447875160052,0.010824315546121689
38,5,3,3,-2.145062031022382,-2.4576326912458244,0.0,0.0,-0.007099971179493185,0.0014236759300483473
38,5,3,4,-2.5008038442444818,-3.571446946633863,0.0,0.0,-0.01611221161010365,0.005406466543136215
39,5,4,1,0.9135368476446534,-4.64058559974167,0.0,0.0,0.0005174779420594255,-0.003392390056259377
39,5,4,2,1.504582152416564,-1.6407676818264392,0.0,0.0,0.0030691602035803002,0.0026801328906221494
39,5,4,3,-2.1468226570254294,-2.457450152360905,0.0,0.0,-0.0017579362282201022,0.00035115116402763816
39,5,4,4,-2.5008038442444818,-3.571446946633863,0.0,0.0,-0.003989427638538407,0.001338662730507936
40,5,5,1,0.9135331259492011,-4.640595500850611,0.0,0.0,2.367733874046178e-06,-1.5521542527513622e-05
40,5,5,2,1.5045875534557762,-1.640754996888019,0.0,0.0,1.4055421230811413e-05,1.228143188499404e-05
40,5,5,3,-2.146821662895917,-2.457448851904468,0.0,0.0,-8.446238296494228e-06,1.724949268593138e-05
40,5,5,4,-2.500814208301314,-3.571449998353095,0.0,0.0,-1.8262051095883122e-05,6.145245400192156e-06
41,5,6,1,0.9135331259492011,-4.640595500850611,0.0,0.0,2.1514782309431476e-06,-1.4103375607825853e-05
41,5,6,2,1.5045871083593472,-1.640754372636885,0.0,0.0,1.2774125921565704e-05,1.1173712431609515e-05
41,5,6,3,-2.146821693711995,-2.4574491703678727,0.0,0.0,-9.552570668436422e-06,8.871869083988054e-05
41,5,6,4,-2.500814102824303,-3.5714507407210023,0.0,0.0,-1.6597211887492297e-05,5.598828610155713e-06
42,6,0,1,0.9135331259492011,-4.640595500850611,0.0,0.0,-0.28577589933829006,1.101647278623042
42,6,0,2,1.209968805153815,-1.7795510951182762,0.0,0.0,-1.148615048603168,-0.5546885888993026
42,6,0,3,-2.0884402159154263,-2.584047787468204,0.0,0.0,0.4141407745448008,-0.08048781754117051
42,6,0,4,-2.500814102824303,-3.5714507407210023,0.0,0.0,1.0202493812350228,-0.46646509727416235
43,6,1,1,0.9703985035042271,-4.4917237037475335,0.0,0.0,-0.07251383241356078,0.279536428923513
43,6,1,2,1.209968805153815,-1.7795510951182762,0.0,0.0,-0.29145410504320296,-0.14074920447269387
43,6,1,3,-0.1260029245333802,-0.5490391402638454,0.0,0.0,2.0,2.0
43,6,1,4,-2.500814102824303,-3.5714507407210023,0.0,0.0,-2.0,-2.0
44,6,2,1,0.9701823541381613,-4.491971375315507,0.0,0.0,0.0004528154180595131,-0.0017454822865666814
44,6,2,2,1.209968805153815,-1.7795510951182762,0.0,0.0,0.0018199159693582316,0.0008787788520758617
44,6,2,3,-0.1260029245333802,-0.5490391402638454,0.0,0.0,-2.0,-2.0
44,6,2,4,-2.502344421868758,-3.571271605361143,0.0,0.0,-0.001616445428772695,0.000739062646079786
45,6,3,1,0.9701823541381613,-4.491971375315507,0.0,0.0,0.004897310495454925,-0.01887881199474457
45,6,3,2,1.209968805153815,-1.7795510951182762,0.0,0.0,0.019683687855684126,0.009505633149392703
45,6,3,3,-0.1260029245333802,-0.5490391402638454,0.0,0.0,-2.0,-2.0
45,6,3,4,-2.503517651556877,-3.5673954823347684,0.0,0.0,-0.017483902503266098,0.007993753770058743
46,6,4,1,0.9701823541381613,-4.491971375315507,0.0,0.0,0.0012125839450278164,-0.004674434316142462
46,6,4,2,1.209968805153815,-1.7795510951182762,0.0,0.0,0.004873729022215778,0.002353628431359652
46,6,4,3,-0.1260029245333802,-0.5490391402638454,0.0,0.0,-2.0,-2.0
46,6,4,4,-2.503517651556877,-3.5673954823347684,0.0,0.0,-0.004329060348593384,0.0019792813696689246
47,6,5,1,0.9701823541381613,-4.491971375315507,0.0,0.0,5.549611514519626e-06,-2.1387664437965155e-05
47,6,5,2,1.2099720352175825,-1.7795422542499868,0.0,0.0,2.2314354588471985e-05,1.0788084196064043e-05
47,6,5,3,-1.2612639308625138,-2.7366180297555953,0.0,0.0,-2.0,-2.0
47,6,5,4,-2.503517651556877,-3.5673954823347684,0.0,0.0,-1.981712999974148e-05,9.078916180801589e-06
48,6,6,1,0.9701827263750673,-4.491989916897976,0.0,0.0,5.043804849210192e-06,-1.9435029284989086e-05
48,6,6,2,1.2099720352175825,-1.7795422542499868,0.0,0.0,2.028589519552447e-05,9.813830048503893e-06
48,6,6,3,-1.2612639308625138,-2.7366180297555953,0.0,0.0,-1.0170198740963822e-05,0.00010625109986923212
48,6,6,4,-2.503517651556877,-3.5673954823347684,0.0,0.0,-1.8011161244929814e-05,8.266176961923029e-06
49,7,0,1,0.9701811386611902,-4.491992353347143,0.0,0.0,-0.39694749468470386,0.9847012923627264
49,7,0,2,1.2099987415642308,-1.7795143816352696,0.0,0.0,-0.7339889987659787,-0.5148861208111445
49,7,0,3,-1.2623279156169556,-2.736884084602034,0.0,0.0,-0.16163541227419073,0.03788949687793082
49,7,0,4,-2.503517651556877,-3.5673954823347684,0.0,0.0,1.2768090072464793,-0.5040098413298714
50,7,1,1,0.8290569104958674,-4.3793769726800775,0.0,0.0,-0.10072306033722811,0.24986253151383883
50,7,1,2,1.0012761992717192,-1.83409328447734,0.0,0.0,-0.18624605751458273,-0.1306495092660945
50,7,1,3,-1.2615443409939322,-2.7366455513749153,0.0,0.0,-0.16067782599519312,0.03812894623972576
50,7,1,4,-2.503517651556877,-3.5673954823347684,0.0,0.0,0.3239827933332007,-0.12788963142435705
51,7,2,1,0.819280558966797,-4.385061745589953,0.0,0.0,0.0006289323936098138,-0.0015600766382169921
51,7,2,2,0.9900372575720688,-1.8357319622152277,0.0,0.0,0.0011627625571106615,0.0008157293164520501
51,7,2,3,-1.3388801823851832,-2.706534315924576,0.0,0.0,-0.16138304315591415,0.03791426633531878
51,7,2,4,-2.503517651556877,-3.5673954823347684,0.0,0.0,-0.0020229721790565466,0.0007985121965202838
52,7,3,1,0.819280558966797,-4.385061745589953,0.0,0.0,0.0068024457290219165,-0.016874722047396352
52,7,3,2,0.9900372575720688,-1.8357319622152277,0.0,0.0,0.012578289380378074,0.008823542875262616
52,7,3,3,-1.3388801823851832,-2.706534315924576,0.0,0.0,-0.0917807859037882,0.01081415443001328
52,7,3,4,-2.503517651556877,-3.5673954823347684,0.0,0.0,-0.02188053512337653,0.008637153968174794
53,7,4,1,0.8215240373061193,-4.386671223852708,0.0,0.0,0.0016843021457462002,-0.004178224434843227
53,7,4,2,0.9900657387599953,-1.8348862219796198,0.0,0.0,0.003114428288068781,0.0021847400808021147
53,7,4,3,-1.3646638188241502,-2.727120924212324,0.0,0.0,-0.0917807859037882,0.01081415443001328
53,7,4,4,-2.503954962574811,-3.5677707989489056,0.0,0.0,-0.005417676109097093,0.0021385913276701697
54,7,5,1,0.8215240373061193,-4.386671223852708,0.0,0.0,7.710390170352438e-06,-1.9119493623103467e-05
54,7,5,2,0.9900657387599953,-1.8348862219796198,0.0,0.0,1.4263158675919404e-05,1.001317473463671e-05
54,7,5,3,-1.3646638188241502,-2.727120924212324,0.0,0.0,-0.06857551310871793,0.029342101888986828
54,7,5,4,-2.503954962574811,-3.5677707989489056,0.0,0.0,-2.480240088036068e-05,9.808783856625612e-06
55,7,6,1,0.8215219441652164,-4.386682466667463,0.0,0.0,7.008341506018112e-06,-1.737423468259526e-05
55,7,6,2,0.9900657387599953,-1.8348862219796198,0.0,0.0,1.296636482708607e-05,9.108070196465052e-06
55,7,6,3,-1.3646638188241502,-2.727120924212324,0.0,0.0,-0.06857551310871793,0.029342101888986828
55,7,6,4,-2.503954962574811,-3.5677707989489056,0.0,0.0,-2.254507879713314e-05,8.92924121063679e-06
56,8,0,1,0.895444242252514,-4.360610761420509,0.0,0.0,-0.3761061469539296,0.9125933885104761
56,8,0,2,1.583916875542717,-1.6765590673184145,0.0,0.0,-0.683157019781112,-0.4538357176997784
56,8,0,3,-1.3914375732464077,-2.7815236370854954,0.0,0.0,-0.16569856173986522,0.015475448248837509
56,8,0,4,-2.503954962574811,-3.5677707989489056,0.0,0.0,1.208801913491273,-0.4727240710744246
57,8,1,1,0.895444242252514,-4.360610761420509,0.0,0.0,-0.09543484002225043,0.23156550512619095
57,8,1,2,1.583916875542717,-1.6765590673184145,0.0,0.0,-0.17334730592245862,-0.11515833775725397
57,8,1,3,-1.53041447331298,-2.7581703168847542,0.0,0.0,-0.14160218275983347,0.0644378898346916
57,8,1,4,-2.503954962574811,-3.5677707989489056,0.0,0.0,0.30672675430908736,-0.11995112345071733
58,8,2,1,0.895444242252514,-4.360610761420509,0.0,0.0,0.0005958731298350723,-0.0014458465932761864
58,8,2,2,1.583916875542717,-1.6765590673184145,0.0,0.0,0.0010823345476867142,0.000718998935978821
58,8,2,3,-1.53041447331298,-2.7581703168847542,0.0,0.0,-0.01652297269991834,0.04341990165402452
58,8,2,4,-2.503954962574811,-3.5677707989489056,0.0,0.0,-0.001915130564532356,0.0007489248917826459
59,8,3,1,0.895444242252514,-4.360610761420509,0.0,0.0,0.006445289913169038,-0.015639016752119945
59,8,3,2,1.5957445923382618,-1.668976213941617,0.0,0.0,0.01170718646122935,0.007777328934633407
59,8,3,3,-1.5290607262797573,-2.756956276979613,0.0,0.0,-0.01652297269991834,0.04341990165402452
59,8,3,4,-2.507501831027383,-3.5600410684176875,0.0,0.0,-0.020715105800334557,0.008101013327389892
60,8,4,1,0.895444242252514,-4.360610761420509,0.0,0.0,0.0015958721827843867,-0.00387225974086278
60,8,4,2,1.5991491867345546,-1.6665720096127605,0.0,0.0,0.0028987338189129367,0.0019256947706760446
60,8,4,3,-1.5293214813504898,-2.7574268270728317,0.0,0.0,-0.017741345029818834,0.0423272657393976
60,8,4,4,-2.50678643508802,-3.55988901784394,0.0,0.0,-0.005129118609401616,0.0020058425951204177
61,8,5,1,0.8954507741892783,-4.360628727628424,0.0,0.0,7.306774363705655e-06,-1.7718879280809342e-05
61,8,5,2,1.599163163908864,-1.6665653607052882,0.0,0.0,1.3273646424478825e-05,8.826891772721158e-06
61,8,5,3,-1.5507439778635554,-2.7440162418175884,0.0,0.0,-0.017506665466159557,0.04275076082329426
61,8,5,4,-2.5067866463493806,-3.5598867970774726,0.0,0.0,-2.3482578327063386e-05,9.201278473266655e-06
62,8,6,1,0.8954592075159147,-4.3606435047261085,0.0,0.0,6.641782247889619e-06,-1.6100877382621222e-05
62,8,6,2,1.5991689711098491,-1.6665559921200006,0.0,0.0,1.2066925462600652e-05,8.029746754517596e-06
62,8,6,3,-1.5507439778635554,-2.7440162418175884,0.0,0.0,0.0017735813955994885,0.030681234093575285
62,8,6,4,-2.5067866463493806,-3.5598867970774726,0.0,0.0,-2.134487510647488e-05,8.377144020991555e-06
63,9,0,1,0.8954611399625277,-4.360645222785844,0.0,0.0,-0.2519985114406992,0.9462024751929924
63,9,0,2,1.599167979425511,-1.6665543407736834,0.0,0.0,-1.0433394734506094,-0.5425085790866175
63,9,0,3,-1.4469987350574987,-2.8267880503900993,0.0,0.0,0.1278309982563631,0.0784769083313107
63,9,0,4,-2.5067866463493806,-3.5598867970774726,0.0,0.0,1.1799734352297648,-0.47451760439107554
64,9,1,1,0.8954719178769387,-4.360630333208678,0.0,0.0,-0.06394334595118416,0.24009349864047755
64,9,1,2,1.608876513088724,-1.6985724063457093,0.0,0.0,-0.26474109589790096,-0.13765840235654833
64,9,1,3,-1.4447500216986948,-2.824016677426116,0.0,0.0,0.03446027973091197,0.1529715360465705
64,9,1,4,-2.2457205775189517,-3.742761483714936,0.0,0.0,0.2994116445510341,-0.12040618387139926
65,9,2,1,0.8957990083535906,-4.3607652804652615,0.0,0.0,0.00039921567272975674,-0.0014991256938492654
65,9,2,2,1.6098105797995557,-1.6987387364634807,0.0,0.0,0.0016531060374878367,0.0008595309013632073
65,9,2,3,-1.4447500216986948,-2.824016677426116,0.0,0.0,0.03243643770798852,0.1504773003789855
65,9,2,4,-2.2457205775189517,-3.742761483714936,0.0,0.0,-0.0018694684093939569,0.0007517762499067406
66,9,3,1,0.8957990083535906,-4.3607652804652615,0.0,0.0,0.004318471673000609,-0.016214971698377798
66,9,3,2,1.6098105797995557,-1.6987387364634807,0.0,0.0,0.017879592605343036,0.00929690574786388
66,9,3,3,-1.3822061276567443,-2.69793805837754,0.0,0.0,0.03243643770798852,0.1504773003789855
66,9,3,4,-2.2457205775189517,-3.742761483714936,0.0,0.0,-0.02022107545594812,0.008131748790410015
67,9,4,1,0.8957990083535906,-4.3607652804652615,0.0,0.0,0.001069267348001546,-0.004014865599905235
67,9,4,2,1.6142548037043554,-1.6976841262805986,0.0,0.0,0.004427030913368327,0.002301943375699753
67,9,4,3,-1.3822061276567443,-2.69793805837754,0.0,0.0,-0.02385306692976692,0.037006543235266996
67,9,4,4,-2.2457205775189517,-3.742761483714936,0.0,0.0,-0.005006794486305192,0.002013452120798708
68,9,5,1,0.8957990083535906,-4.3607652804652615,0.0,0.0,4.89496052964176e-06,-1.8370862765618448e-05
68,9,5,2,1.6142580520573184,-1.6976752569133995,0.0,0.0,2.0268903805350978e-05,1.0548746241221526e-05
68,9,5,3,-1.3826490079565015,-2.698076902067815,0.0,0.0,-0.02385306692976692,0.037006543235266996
68,9,5,4,-2.2457205775189517,-3.742761483714936,0.0,0.0,-2.292192330158245e-05,9.236231958940473e-06
69,9,6,1,0.8958023209586824,-4.360766549521522,0.0,0.0,4.44858897890049e-06,-1.6693831732283057e-05
69,9,6,2,1.6142580520573184,-1.6976752569133995,0.0,0.0,1.8426222720994272e-05,9.594821460094257e-06
69,9,6,3,-1.3826490079565015,-2.698076902067815,0.0,0.0,-0.023454474659985493,0.03713150255651465
69,9,6,4,-2.2457205775189517,-3.742761483714936,0.0,0.0,-2.0834757834006826e-05,8.409434019484378e-06
70,10,0,1,0.15099192116913765,-3.8542851573213417,0.0,0.0,-0.17741744982719174,0.8883317578985156
70,10,0,2,1.6142580520573184,-1.6976752569133995,0.0,0.0,-0.6507312678799815,-0.7225607571169009
70,10,0,3,-1.3826490079565015,-2.698076902067815,0.0,0.0,0.10982056124550031,-0.013284880947811396
70,10,0,4,-2.2457205775189517,-3.742761483714936,0.0,0.0,1.0842133835197296,-0.3630891972417565
71,10,1,1,0.20173650284778727,-3.7231557900193146,0.0,0.0,-0.045018763415797164,0.22540923633500343
71,10,1,2,1.60019134574796,-1.8305409471900833,0.0,0.0,-0.16511984962252638,-0.18334552288855194
71,10,1,3,-1.3826490079565015,-2.698076902067815,0.0,0.0,0.10982056124550031,-0.013284880947811396
71,10,1,4,-2.2457205775189517,-3.742761483714936,0.0,0.0,0.2751131490488332,-0.09213198519287019
72,10,2,1,0.2016606252745053,-3.723198649066744,0.0,0.0,0.0002810694262994309,-0.0014074122955029288
72,10,2,2,1.6093278544100529,-1.8322311247944265,0.0,0.0,0.0010308635596400471,0.0011448197951919952
72,10,2,3,-1.375379162423354,-2.6940721467409205,0.0,0.0,0.10982056124550031,-0.013284880947811396
72,10,2,4,-2.2457205775189517,-3.742761483714936,0.0,0.0,-0.0017177320747312186,0.0005752026725583033
73,10,3,1,0.2016606252745053,-3.723198649066744,0.0,0.0,0.0030403843433494315,-0.015223247845656358
73,10,3,2,1.6093278544100529,-1.8322311247944265,0.0,0.0,0.011151512198000186,0.012382439375856109
73,10,3,3,-1.375379162423354,-2.6940721467409205,0.0,0.0,0.10327770026566759,-0.01688916074201643
73,10,3,4,-2.248938531631745,-3.7400226654784827,0.0,0.0,-0.01858004591918757,0.006222212730885272
74,10,4,1,0.20336495466628957,-3.7253300919362005,0.0,0.0,0.0007528081187925825,-0.0037693138681298387
74,10,4,2,1.6093278544100529,-1.8322311247944265,0.0,0.0,0.002761153069794477,0.0030659289467684582
74,10,4,3,-1.375379162423354,-2.6940721467409205,0.0,0.0,0.10327770026566759,-0.01688916074201643
74,10,4,4,-2.248938531631745,-3.7400226654784827,0.0,0.0,-0.004600472446739174,0.0015406478780014318
75,10,5,1,0.20336495466628957,-3.7253300919362005,0.0,0.0,3.445291091594039e-06,-1.724737635863004e-05
75,10,5,2,1.6093278544100529,-1.8322311247944265,0.0,0.0,1.2642755491284694e-05,1.4048390319779405e-05
75,10,5,3,-1.375379162423354,-2.6940721467409205,0.0,0.0,0.10327770026566759,-0.01688916074201643
75,10,5,4,-2.2489385279212444,-3.7400221777929543,0.0,0.0,-2.1062470270402615e-05,7.07186397576601e-06
76,10,6,1,0.20336491816569688,-3.7253301077741026,0.0,0.0,3.1305632176848854e-06,-1.5672223860757766e-05
76,10,6,2,1.6093278889155551,-1.8322237838866673,0.0,0.0,1.1489348863704209e-05,1.2779804693370234e-05
76,10,6,3,-1.3526751977905747,-2.6749689894348507,0.0,0.0,0.10327770026566759,-0.01688916074201643
76,10,6,4,-2.2489385279212444,-3.7400221777929543,0.0,0.0,-1.914501589852617e-05,6.44149001166127e-06
77,11,0,1,0.4260015549176248,-3.6954358142066117,0.0,0.0,0.19532118018730127,0.5085658686956281
77,11,0,2,1.2594770361976686,-2.978378362456058,0.0,0.0,-1.18259422881881,-0.2621010517906454
77,11,0,3,-1.36977965066639,-2.675771627700333,0.0,0.0,0.08939184108272735,-0.06669239484297598
77,11,0,4,-2.2489385279212444,-3.7400221777929543,0.0,0.0,0.9065987713507421,-0.18627652964734312
78,11,1,1,0.4260015549176248,-3.6954358142066117,0.0,0.0,-2.0,-2.0
78,11,1,2,1.2594770361976686,-2.978378362456058,0.0,0.0,2.0,2.0
78,11,1,3,-1.36977965066639,-2.675771627700333,0.0,0.0,0.10478584867096112,-0.06597002040404179
78,11,1,4,-2.2297740983378658,-3.7831132461661863,0.0,0.0,0.23004453615903628,-0.04726684192583021
79,11,2,1,-1.3926265174656909,-5.828241988504882,0.0,0.0,-2.0,-2.0
79,11,2,2,1.7870122966409319,-3.0729756675187088,0.0,0.0,2.0,2.0
79,11,2,3,-1.36977965066639,-2.675771627700333,0.0,0.0,0.10478584867096112,-0.06597002040404179
79,11,2,4,-2.231215481336074,-3.7828495029986833,0.0,0.0,-0.0014363078791194254,0.00029505386031565306
80,11,3,1,-1.3946778198618686,-5.8370870971623185,0.0,0.0,-0.0033471960257901094,-0.008715242544370672
80,11,3,2,1.7870122966409319,-3.0729756675187088,0.0,0.0,0.02026598541426051,0.004491594105074681
80,11,3,3,-1.3572755772386726,-2.723544586170376,0.0,0.0,0.10478584867096112,-0.06597002040404179
80,11,3,4,-2.2464194009536946,-3.7786814235955073,0.0,0.0,-0.015536284640376824,0.003192194054065505
81,11,4,1,-1.395938061756567,-5.838353128147988,0.0,0.0,-0.000828768801141874,-0.0021579203307605117
81,11,4,2,1.7870122966409319,-3.0729756675187088,0.0,0.0,0.005017905598296027,0.0011121445111847742
81,11,4,3,-1.3572755772386726,-2.723544586170376,0.0,0.0,0.09353218258601555,-0.02297435778100305
81,11,4,4,-2.2501365223560295,-3.7786521377433377,0.0,0.0,-0.003846829873956839,0.0007904074915095092
82,11,5,1,-1.3959379281275173,-5.8383532100755025,0.0,0.0,-3.794252065509987e-06,-9.870987759104458e-06
82,11,5,2,1.7870127272725524,-3.0729763367877534,0.0,0.0,2.297399139115493e-05,5.103512700656784e-06
82,11,5,3,-1.3572755772386726,-2.723544586170376,0.0,0.0,0.09353218258601555,-0.02297435778100305
82,11,5,4,-2.2503175776184086,-3.7787284211628696,0.0,0.0,-1.7611515139669224e-05,3.6363755372610654e-06
83,11,6,1,-1.3959379281275173,-5.8383532100755025,0.0,0.0,-3.4504610960931433e-06,-8.964359735416429e-06
83,11,6,2,1.7870125325230473,-3.0729761732100567,0.0,0.0,2.088544143223498e-05,4.645790070238716e-06
83,11,6,3,-1.3413779289279084,-2.776706038289373,0.0,0.0,0.09353218258601555,-0.02297435778100305
83,11,6,4,-2.2503172922692305,-3.778727764819757,0.0,0.0,-1.6007340655354946e-05,3.3181303857409807e-06
84,12,0,1,-1.3959379281275173,-5.8383532100755025,0.0,0.0,1.1090534571607262,1.3063335786275228
84,12,0,2,1.7870125325230473,-3.0729761732100567,0.0,0.0,-1.7087482070316644,-0.18988245180828137
84,12,0,3,-1.3478400677115956,-2.7819100250137283,0.0,0.0,0.12229003464444027,-0.351501996478941
84,12,0,4,-2.2503172922692305,-3.778727764819757,0.0,0.0,0.477404605149915,-0.7649484186968006
85,12,1,1,-1.394282071062341,-5.636885061202523,0.0,0.0,0.2814150049954784,0.3314738438944462
85,12,1,2,1.7870125325230473,-3.0729761732100567,0.0,0.0,-0.433584623618194,-0.048181699368962584
85,12,1,3,-1.3478400677115956,-2.7819100250137283,0.0,0.0,0.031030391373566998,-0.08919239433882394
85,12,1,4,-2.2331030647388235,-3.7767898667059527,0.0,0.0,0.12113922469310344,-0.1941006979640316
86,12,2,1,-1.3942412213378415,-5.638005216813951,0.0,0.0,-0.001757381691449261,-0.0020699250178257663
86,12,2,2,1.7874428477938036,-3.072342188273379,0.0,0.0,0.002707382441262838,0.00030080082190901767
86,12,2,3,-1.3478400677115956,-2.7819100250137283,0.0,0.0,-0.00019375653915621819,0.0005566969831671764
86,12,2,4,-2.233112388412276,-3.77588559276788,0.0,0.0,-0.0007562489060927262,0.0012120825731250422
87,12,3,1,-1.3942412213378415,-5.638005216813951,0.0,0.0,-0.01900572448480882,-0.022386499183570687
87,12,3,2,1.7874428477938036,-3.072342188273379,0.0,0.0,0.02928262710146342,0.0032539892903515823
87,12,3,3,-1.3468435515822603,-2.778600298685542,0.0,0.0,-0.0020956727669923366,0.006023646601579802
87,12,3,4,-2.233112388412276,-3.77588559276788,0.0,0.0,-0.008181233889950313,0.01310882659974438
88,12,4,1,-1.3944496845270111,-5.639094656709949,0.0,0.0,-0.004705853805087536,-0.005542935701384346
88,12,4,2,1.7874428477938036,-3.072342188273379,0.0,0.0,0.007250452694217611,0.0008057058466099287
88,12,4,3,-1.3466032128108312,-2.778645343410111,0.0,0.0,-0.0005188925430342,0.0014914904476810815
88,12,4,4,-2.234744622530264,-3.7760149366760754,0.0,0.0,-0.0020257035557252486,0.0032457820160730487
89,12,5,1,-1.3944496845270111,-5.639094656709949,0.0,0.0,-2.1542642056520053e-05,-2.5356832310978025e-05
89,12,5,2,1.7874745514093997,-3.072344534004106,0.0,0.0,3.319848148112046e-05,3.7049090437313966e-06
89,12,5,3,-1.346606393943463,-2.7786390399077727,0.0,0.0,-2.3721490139300425e-06,6.84625374015297e-06
89,12,5,4,-2.234744622530264,-3.7760149366760754,0.0,0.0,-9.273769160064356e-06,1.4881814569073733e-05
90,12,6,1,-1.3944496845270111,-5.639094656709949,0.0,0.0,-1.958442507517005e-05,-2.3040398070656346e-05
90,12,6,2,1.7874894508963237,-3.07233280970225,0.0,0.0,3.0182003148197415e-05,3.3775646630932705e-06
90,12,6,3,-1.3466060327428906,-2.778633864617598,0.0,0.0,-2.153549612236613e-06,6.233851087191827e-06
90,12,6,4,-2.234744622530264,-3.7760149366760754,0.0,0.0,-8.425837966578828e-06,1.3544771593442969e-05
91,13,0,1,-1.3944496845270111,-5.639094656709949,0.0,0.0,1.112591839763287,1.199345712829934
91,13,0,2,1.7890066806914557,-3.1945801214042917,0.0,0.0,-1.710018377997715,-0.13680504911309038
91,13,0,3,-1.3466052407063909,-2.7786334592939554,0.0,0.0,0.12946627377156059,-0.3495501717151107
91,13,0,4,-2.234744622530264,-3.7760149366760754,0.0,0.0,0.46796019172728226,-0.7129908425957637
92,13,1,1,-1.3944496845270111,-5.639094656709949,0.0,0.0,0.2823139099300399,0.30432732895129927
92,13,1,2,1.7890066806914557,-3.1945801214042917,0.0,0.0,-0.43390753418897116,-0.03471358527199749
92,13,1,3,-1.360061529557066,-2.829864325482093,0.0,0.0,0.03285132535700175,-0.08869640251233377
92,13,1,4,-2.234744622530264,-3.7760149366760754,0.0,0.0,0.11874226881165201,-0.18091749062011245
93,13,2,1,-1.3944496845270111,-5.639094656709949,0.0,0.0,-0.001762718596126258,-0.0019001527137993055
93,13,2,2,1.7890066806914557,-3.1945801214042917,0.0,0.0,0.0027092395223177346,0.00021671435969709545
93,13,2,3,-1.3636523084317729,-2.8293668248554162,0.0,0.0,-0.00020512514461945547,0.0005537891984717194
93,13,2,4,-2.234744622530264,-3.7760149366760754,0.0,0.0,-0.0007414099642763756,0.0011295781825306722
94,13,3,1,-1.4022582840455087,-5.651362121763295,0.0,0.0,-0.019066362937331296,-0.020553061236608883
94,13,3,2,1.7890066806914557,-3.1945801214042917,0.0,0.0,0.029304394754840465,0.0023444079332459156
94,13,3,3,-1.3636487310515346,-2.8293796499946486,0.0,0.0,-0.002218651181093196,0.005990197305947729
94,13,3,4,-2.232825446716477,-3.774083750665378,0.0,0.0,-0.008019385372649544,0.012218436837680176
95,13,4,1,-1.4022582840455087,-5.651362121763295,0.0,0.0,-0.00472088576590229,-0.005088989067290181
95,13,4,2,1.7905774010642679,-3.1926575437582128,0.0,0.0,0.00725585263733615,0.0005804904079751281
95,13,4,3,-1.3636487310515346,-2.8293796499946486,0.0,0.0,-0.0005493424200976582,0.001483196180557016
95,13,4,4,-2.232825446716477,-3.774083750665378,0.0,0.0,-0.001985621252800882,0.0030253312813651053
96,13,5,1,-1.4022612758640896,-5.651361310138907,0.0,0.0,-2.161690888545507e-05,-2.3284758363902416e-05
96,13,5,2,1.7905774010642679,-3.1926575437582128,0.0,0.0,3.3226373606219404e-05,2.6728181523418365e-06
96,13,5,3,-1.3636487310515346,-2.8293796499946486,0.0,0.0,-2.5116139694697005e-06,6.8046255237792555e-06
96,13,5,4,-2.232825446716477,-3.774083750665378,0.0,0.0,-9.087572170224502e-06,1.3875380384820356e-05
97,13,6,1,-1.4022612758640896,-5.651361310138907,0.0,0.0,-1.965206661461536e-05,-2.115805185537557e-05
97,13,6,2,1.7905774010642679,-3.1926575437582128,0.0,0.0,3.020745368506615e-05,2.4383587180173428e-06
97,13,6,3,-1.3636487310515346,-2.8293796499946486,0.0,0.0,-2.2803448773604295e-06,6.196018798372409e-06
97,13,6,4,-2.232827419909655,-3.7740838410244697,0.0,0.0,-8.256241996100349e-06,1.2628339056952485e-05
98,14,0,1,-1.4137852962580335,-5.657794522390938,0.0,0.0,1.118176806828819,1.1739338349347928
98,14,0,2,1.7905774010642679,-3.1926575437582128,0.0,0.0,-1.7184195743814825,-0.0887111810715833
98,14,0,3,-1.4060704832169697,-2.6523591798935584,0.0,0.0,0.14004974676346837,-0.35412628727979495
98,14,0,4,-1.5320343547050457,-4.060027627785231,0.0,0.0,0.46019294758825774,-0.7310967224638699
99,14,1,1,-1.2094999172297836,-5.329041699121225,0.0,0.0,0.2837310618066464,0.2978791133038925
99,14,1,2,1.7382707517187312,-3.125951956344495,0.0,0.0,-0.43603928238857315,-0.022510031384508376
99,14,1,3,-1.4060704832169697,-2.6523591798935584,0.0,0.0,0.035536818042320985,-0.08985755843459184
99,14,1,4,-1.4031941686920444,-4.2353548074536596,0.0,0.0,0.11677137216123866,-0.1855116742034712
100,14,2,1,-1.2094999172297836,-5.329041699121225,0.0,0.0,2.0,-2.0
100,14,2,2,1.740976520592472,-3.1256906966058775,0.0,0.0,0.002722551834816313,0.0001405188109723046
100,14,2,3,-1.4060704832169697,-2.6523591798935584,0.0,0.0,-0.0002218939465571662,0.0005610410293131733
100,14,2,4,-1.4031941686920444,-4.2353548074536596,0.0,0.0,-2.0,2.0
101,14,3,1,0.6570061083087342,-5.881517215046372,0.0,0.0,2.0,-2.0
101,14,3,2,1.7696114686513718,-3.1280580431763796,0.0,0.0,0.02944836508280493,0.0015202285727232865
101,14,3,3,-1.4057118125691903,-2.647559447071038,0.0,0.0,-0.002400019005158197,0.0060686175903374474
101,14,3,4,-1.4031941686920444,-4.2353548074536596,0.0,0.0,-2.0,2.0
102,14,4,1,0.6570061083087342,-5.881517215046372,0.0,0.0,-0.004744583526886879,-0.004981161151982487
102,14,4,2,1.7747740985413156,-3.1255401576121997,0.0,0.0,0.007291499985596533,0.0003764212990327522
102,14,4,3,-1.4057165495448554,-2.6475602085122936,0.0,0.0,-0.0005942495487347766,0.0015026132687078386
102,14,4,4,-1.4031941686920444,-4.2353548074536596,0.0,0.0,-0.001952663609707509,0.0031021558287354692
103,14,5,1,0.6570061083087342,-5.881517215046372,0.0,0.0,-2.1725409840879244e-05,-2.2790419591158588e-05
103,14,5,2,1.7748331936960853,-3.1252172945822587,0.0,0.0,3.338961252510813e-05,1.7385448994168055e-06
103,14,5,3,-1.4057112381860248,-2.647559263220855,0.0,0.0,-2.717205541977115e-06,6.893796825054056e-06
103,14,5,4,-1.4031941686920444,-4.2353548074536596,0.0,0.0,-8.936414724913576e-06,1.422683472314355e-05
104,14,6,1,0.6570061083087342,-5.881517215046372,0.0,0.0,-1.975080078397529e-05,-2.0708616560522244e-05
104,14,6,2,1.7748331936960853,-3.1252172945822587,0.0,0.0,3.035586782107252e-05,1.5890059490548962e-06
104,14,6,3,-1.4057144207723873,-2.6475571214398674,0.0,0.0,-2.4672039571294374e-06,6.277321038916136e-06
104,14,6,4,-1.403193387592132,-4.235347177428237,0.0,0.0,-8.118679642745897e-06,1.294772522409158e-05
105,15,0,1,1.3544940728520882,-6.405648673228223,0.0,0.0,0.2234682789431167,1.191935196427595
105,15,0,2,1.7748331936960853,-3.1252172945822587,0.0,0.0,-0.8129208082671129,-0.7604146570320164
105,15,0,3,-1.3897802133688382,-2.631604384986169,0.0,0.0,0.3831824396570654,-0.5592052652150385
105,15,0,4,-1.5450884699775058,-4.651818111423761,0.0,0.0,0.557100901266062,-0.49441523977858615
106,15,1,1,1.297634414298946,-6.332045777520046,0.0,0.0,0.056704863068832,0.30244680619270403
106,15,1,2,1.7268502187739763,-3.2975488819378516,0.0,0.0,-0.20627513026080152,-0.1929501698187566
106,15,1,3,-1.3897802133688382,-2.631604384986169,0.0,0.0,0.09723009978492966,-0.1418949608545574
106,15,1,4,-1.5450884699775058,-4.651818111423761,0.0,0.0,0.14136110034182392,-0.12545537820356187
107,15,2,1,1.297824778146706,-6.333721912653994,0.0,0.0,-0.00035377992997839527,-0.001888449534904011
107,15,2,2,1.7268209657082687,-3.297472874112899,0.0,0.0,0.0012876743255821332,0.0012049314196114825
107,15,2,3,-1.3897802133688382,-2.631604384986169,0.0,0.0,-0.0006071649243944995,0.0008860137592151295
107,15,2,4,-1.5450884699775058,-4.651818111423761,0.0,0.0,-0.0008826666095646722,0.0007832258897421757
108,15,3,1,1.2932262815421884,-6.336177627868482,0.0,0.0,-0.003829551271078981,-0.020426067961275045
108,15,3,2,1.7268209657082687,-3.297472874112899,0.0,0.0,0.013930937503126704,0.013031133992200072
108,15,3,3,-1.3904884686485492,-2.6238014054292864,0.0,0.0,-0.006566556188454618,0.009583032894236607
108,15,3,4,-1.5500131289108527,-4.652008113303066,0.0,0.0,-0.0095469774521771,0.008472731015347214
109,15,4,1,1.2932262815421884,-6.336177627868482,0.0,0.0,-0.0009482269935737278,-0.005057543303557266
109,15,4,2,1.7293190259430296,-3.2971803678297817,0.0,0.0,0.003449356917873469,0.0032265410351743373
109,15,4,3,-1.3904884686485492,-2.6238014054292864,0.0,0.0,-0.0016258922859672168,0.0023727886953019946
109,15,4,4,-1.5500131289108527,-4.652008113303066,0.0,0.0,-0.0023638546451570717,0.002097887424138706
110,15,5,1,1.2932262815421884,-6.336177627868482,0.0,0.0,-4.350872860131143e-06,-2.3141518548912205e-05
110,15,5,2,1.7293190259430296,-3.2971803678297817,0.0,0.0,1.5796644006057896e-05,1.4788273358132106e-05
110,15,5,3,-1.3904899626327005,-2.623801542337495,0.0,0.0,-7.44134814171534e-06,1.0877189645273917e-05
110,15,5,4,-1.550013532775241,-4.652008332017207,0.0,0.0,-1.0819097711892318e-05,9.629288428185534e-06
111,15,6,1,1.2932262815421884,-6.336177627868482,0.0,0.0,-3.958099843686479e-06,-2.1027139031722492e-05
111,15,6,2,1.7293276836416043,-3.2971628286100407,0.0,0.0,1.4354239955651647e-05,1.3460256726540984e-05
111,15,6,3,-1.390489751653659,-2.6238016780947917,0.0,0.0,-6.763006318134351e-06,9.898745026226414e-06
111,15,6,4,-1.5500133842742332,-4.652008300390282,0.0,0.0,-9.833970758666568e-06,8.767758005531104e-06
112,16,0,1,1.272818581405457,-6.1720496206935955,0.0,0.0,-0.17310535958492443,1.27876619114462
112,16,0,2,1.7293294035896187,-3.297160439446541,0.0,0.0,-0.9627381613979812,-0.1618726603960086
112,16,0,3,-1.2551851577619526,-2.2844641492140254,0.0,0.0,0.3228674885410597,-0.7314292215038394
112,16,0,4,-1.5500133842742332,-4.652008300390282,0.0,0.0,0.8129756265243058,-0.3854639769695904
113,16,1,1,1.272818581405457,-6.1720496206935955,0.0,0.0,-0.04392404390709624,0.32447960074322124
113,16,1,2,1.614030180028753,-3.237651932690637,0.0,0.0,-0.24428921108730198,-0.04107498726299459
113,16,1,3,-1.2551851577619526,-2.2844641492140254,0.0,0.0,0.08192587407570195,-0.1855958588443716
113,16,1,4,-1.5500133842742332,-4.652008300390282,0.0,0.0,0.20628768664690197,-0.09780946094165979
114,16,2,1,1.272818581405457,-6.1720496206935955,0.0,0.0,0.0002743787878429631,-0.002026040828768508
114,16,2,2,1.614315010990677,-3.2379078428190153,0.0,0.0,0.001525345136606918,0.00025626723705647115
114,16,2,3,-1.2551851577619526,-2.2844641492140254,0.0,0.0,-0.000511516349794099,0.0011588636081824493
114,16,2,4,-1.5501799230032831,-4.65211800679498,0.0,0.0,-0.001288104108874028,0.000610647113824958
115,16,3,1,1.275295783686626,-6.1940085976986206,0.0,0.0,0.0029664882301876335,-0.02191408170562644
115,16,3,2,1.614315010990677,-3.2379078428190153,0.0,0.0,0.01649833737295283,0.002773988961302809
115,16,3,3,-1.2546470485421977,-2.2838794921685097,0.0,0.0,-0.00553294614604085,0.012534415686250182
115,16,3,4,-1.5501799230032831,-4.65211800679498,0.0,0.0,-0.013931874172534607,0.006605644491172735
116,16,4,1,1.2763830300435752,-6.199339423656993,0.0,0.0,0.0007345011266898639,-0.005425978047530764
116,16,4,2,1.614315010990677,-3.2379078428190153,0.0,0.0,0.004085032293097762,0.0006868666826198379
116,16,4,3,-1.2547049423241046,-2.2840613235222564,0.0,0.0,-0.0013699733187935382,0.0031035605525522435
116,16,4,4,-1.5501799230032831,-4.65211800679498,0.0,0.0,-0.0034495651505941716,0.0016355895040431902
117,16,5,1,1.276477163408393,-6.199618871106725,0.0,0.0,3.3567520417216807e-06,-2.4826616606989544e-05
117,16,5,2,1.614315010990677,-3.2379078428190153,0.0,0.0,1.8704328231639204e-05,3.1648070891904714e-06
117,16,5,3,-1.254709281612968,-2.2840549930382354,0.0,0.0,-6.27131895802344e-06,1.4223655864907766e-05
117,16,5,4,-1.5501846211880892,-4.6521040174123485,0.0,0.0,-1.578994834780484e-05,7.5134791569082306e-06
118,16,6,1,1.2764860057528096,-6.199628928172014,0.0,0.0,3.0487824536426593e-06,-2.2556295520112547e-05
118,16,6,2,1.6143151101399402,-3.237907298073812,0.0,0.0,1.7003446633278216e-05,2.8885507554875085e-06
118,16,6,3,-1.254709281612968,-2.2840549930382354,0.0,0.0,-5.699519781500822e-06,1.294033227474564e-05
118,16,6,4,-1.5501846211880892,-4.6521040174123485,0.0,0.0,-1.435216897258362e-05,6.8466382532471434e-06
119,17,0,1,1.1570551414185417,-6.20771943785458,0.0,0.0,-0.19522546057871654,1.2208440491814854
119,17,0,2,1.4198073605814923,-3.231198098878895,0.0,0.0,-0.8682310883277087,-0.06500585432409266
119,17,0,3,-1.254709281612968,-2.2840549930382354,0.0,0.0,0.21815923523149464,-0.89937980853433
119,17,0,4,-1.5472864736446026,-4.654448226679869,0.0,0.0,0.8452973171616374,-0.2564587647675049
120,17,1,1,1.1570551414185417,-6.20771943785458,0.0,0.0,-0.04953733162078624,0.30978235201690757
120,17,1,2,1.4198073605814923,-3.231198098878895,0.0,0.0,-0.22030885834009192,-0.016494995411964045
120,17,1,3,-1.2546933733408367,-2.28405385135168,0.0,0.0,0.05535679625667757,-0.22821237918034637
120,17,1,4,-1.5472864736446026,-4.654448226679869,0.0,0.0,0.21448939431823472,-0.06507513768926927
121,17,2,1,1.1570551414185417,-6.20771943785458,0.0,0.0,0.00030931344510981665,-0.0019342297455541473
121,17,2,2,1.4198073605814923,-3.231198098878895,0.0,0.0,0.0013755419883222282,0.00010294701744847856
121,17,2,3,-1.254810759114014,-2.2840780551206157,0.0,0.0,-0.0003456103347437826,0.0014249525127064916
121,17,2,4,-1.547227059429403,-4.654250409533337,0.0,0.0,-0.0013392462020439559,0.0004062543179391667
122,17,3,1,1.1570551414185417,-6.20771943785458,0.0,0.0,0.003345558518242633,-0.020921476614845474
122,17,3,2,1.4198073605814923,-3.231198098878895,0.0,0.0,0.01487878039149654,0.0011139924127251304
122,17,3,3,-1.254810759114014,-2.2840780551206157,0.0,0.0,-0.0037385724691119523,0.015412566431138672
122,17,3,4,-1.547227059429403,-4.654250409533337,0.0,0.0,-0.014485768167900768,0.004394895982286865
123,17,4,1,1.1576151222097049,-6.212915612009149,0.0,0.0,0.0008283674129191275,-0.005180209231592227
123,17,4,2,1.423433160320597,-3.2313327759803325,0.0,0.0,0.003684030039467816,0.00027583616404306565
123,17,4,3,-1.2545288357776272,-2.280715642194846,0.0,0.0,-0.0009256819452045722,0.0038161996184403676
123,17,4,4,-1.5488886182785602,-4.6549287235791885,0.0,0.0,-0.003586716004317794,0.0010882009746049082
124,17,5,1,1.157622246107779,-6.212937689952965,0.0,0.0,3.7891075736242723e-06,-2.3702128371864423e-05
124,17,5,2,1.4234462881666345,-3.2313270381292396,0.0,0.0,1.6870043605854268e-05,1.2786225183128257e-06
124,17,5,3,-1.2545319910599493,-2.280714423896154,0.0,0.0,-4.2369437134736275e-06,1.7487753372567815e-05
124,17,5,4,-1.5488886182785602,-4.6549287235791885,0.0,0.0,-1.641962635495075e-05,5.006490689977775e-06
125,17,6,1,1.1576175228971437,-6.212952835245378,0.0,0.0,3.442179648293877e-06,-2.1533477107962762e-05
125,17,6,2,1.4234476861814978,-3.2313289210059337,0.0,0.0,1.5336984343584833e-05,1.174195878524243e-06
125,17,6,3,-1.2545319910599493,-2.280714423896154,0.0,0.0,-3.850455771108659e-06,1.590619133000829e-05
125,17,6,4,-1.5488993382301472,-4.654930785800123,0.0,0.0,-1.4923005319096947e-05,4.5699486531619445e-06
