k_global,outer_j,inner_t,agent,mode,desired_mode,effective_mode,d_agent_min,d_obs_min,active_pairs,active_obstacles,obstructed,waypoint0,waypoint1,_h_pair_num,_circle_barrier_num,formation_hold_active
0,0,0,1,T,CO,CO,0.0,-1.1,3,1,1,0.9,-2.4000000000000004,12,4,0
0,0,0,2,T,CO,CO,0.0,-1.1,3,1,1,-0.9,-2.4000000000000004,12,4,0
0,0,0,3,T,CO,CO,0.0,-1.1,3,1,1,-0.9,-2.4000000000000004,12,4,0
0,0,0,4,T,CO,CO,0.0,-1.1,3,1,1,-0.9,-2.4000000000000004,12,4,0
1,0,1,1,CO,CO,CO,0.0,0.17282144815883616,3,1,1,1.0487222514494454,-2.3571091193636833,12,4,0
1,0,1,2,CO,CO,CO,0.0,0.17282144815883616,3,1,1,-0.7495346489429427,-2.436305837674228,12,4,0
1,0,1,3,CO,CO,CO,0.0,0.17282144815883616,3,1,1,-0.7495346489429427,-2.436305837674228,12,4,0
1,0,1,4,CO,CO,CO,0.0,0.17282144815883616,3,1,1,-0.7495346489429427,-2.436305837674228,12,4,0
2,0,2,1,CO,CO,CO,0.0,0.17282144815883616,3,1,1,1.0487222514494454,-2.3571091193636833,12,4,0
2,0,2,2,CO,CO,CO,0.0,0.17282144815883616,3,1,1,-0.7495346489429427,-2.436305837674228,12,4,0
2,0,2,3,CO,CO,CO,0.0,0.17282144815883616,3,1,1,-0.7495346489429427,-2.436305837674228,12,4,0
2,0,2,4,CO,CO,CO,0.0,0.17282144815883616,3,1,1,-0.7495346489429427,-2.436305837674228,12,4,0
3,0,3,1,CO,CO,CO,0.0,1.4468841884636485,3,1,1,1.09028562733719,-2.343841690454552,12,4,0
3,0,3,2,CO,CO,CO,0.0,1.4468841884636485,3,1,1,-0.7068504973085742,-2.445339224873891,12,4,0
3,0,3,3,CO,CO,CO,0.0,1.4468841884636485,3,1,1,-0.7068504973085742,-2.445339224873891,12,4,0
3,0,3,4,CO,CO,CO,0.0,1.4468841884636485,3,1,1,-0.7068504973085742,-2.445339224873891,12,4,0
4,0,4,1,CO,CO,CO,0.0,1.4468841884636485,3,1,1,1.09028562733719,-2.343841690454552,12,4,0
4,0,4,2,CO,CO,CO,0.0,1.4468841884636485,3,1,1,-0.7068504973085742,-2.445339224873891,12,4,0
4,0,4,3,CO,CO,CO,0.0,1.4426526002945077,3,1,1,-0.8036680910441973,-2.424049882732052,12,4,0
4,0,4,4,CO,CO,CO,0.0,1.4426526002945077,3,1,1,-0.8036680910441973,-2.424049882732052,12,4,0
5,0,5,1,CO,CO,CO,0.01858170867928234,1.733219585788516,3,1,1,1.1668880946780347,-2.317886703083556,12,4,0
5,0,5,2,CO,CO,CO,0.01858170867928234,1.7158614047591518,3,1,1,-0.6334383688395084,-2.4595889687767745,12,4,0
5,0,5,3,CO,CO,CO,0.0,1.4426526002945077,3,1,1,-0.8036680910441973,-2.424049882732052,12,4,0
5,0,5,4,CO,CO,CO,0.0,1.4426526002945077,3,1,1,-0.8036680910441973,-2.424049882732052,12,4,0
6,0,6,1,CO,CO,CO,0.01858170867928234,1.733219585788516,3,1,1,1.1668880946780347,-2.317886703083556,12,4,0
6,0,6,2,CO,CO,CO,0.01858170867928234,1.7158614047591518,3,1,1,-0.6334383688395084,-2.4595889687767745,12,4,0
6,0,6,3,CO,CO,CO,0.0,1.4426526002945077,3,1,1,-0.8036680910441973,-2.424049882732052,12,4,0
6,0,6,4,CO,CO,CO,0.0,1.4426526002945077,3,1,1,-0.8036680910441973,-2.424049882732052,12,4,0
7,1,0,1,T,C,C,0.01858170867928234,1.733219585788516,3,1,0,1.1668880946780347,-2.317886703083556,12,0,0
7,1,0,2,T,C,C,0.01858170867928234,1.7158614047591518,3,1,0,-0.6334383688395084,-2.4595889687767745,12,0,0
7,1,0,3,T,C,C,0.0,1.4426526002945077,3,1,0,-0.8036680910441973,-2.424049882732052,12,0,0
7,1,0,4,T,C,C,0.0,1.4426526002945077,3,1,0,-0.8036680910441973,-2.424049882732052,12,0,0
8,1,1,1,C,C,C,0.6427000879078842,2.687127386727353,3,0,0,1.2186366574738257,-2.299230925088607,12,0,0
8,1,1,2,C,C,C,0.3156275337890857,2.0447410354012754,3,0,0,-0.5575895072958691,-2.47262061581071,12,0,0
8,1,1,3,C,C,C,0.43722123867059126,1.4426526002945077,3,1,0,-0.8036680910441973,-2.424049882732052,12,0,0
8,1,1,4,C,C,C,0.3156275337890857,1.8794524476531684,3,0,0,-0.7861564480484096,-2.428112897672991,12,0,0
9,1,2,1,C,C,C,0.8542397713187625,2.848808204109312,2,0,0,1.2382396823033277,-2.2919238279719285,12,0,0
9,1,2,2,C,C,C,0.34309275553997753,1.9947848625900924,2,0,0,-0.5377453131532581,-2.475748837039539,12,0,0
9,1,2,3,T,O,O,2.753552105064893,-0.09663300065334202,0,1,1,-2.801608866282863,-1.1262614515541713,0,4,0
9,1,2,4,C,C,C,0.34309275553997753,1.891478486049523,2,0,0,-0.8170347307020308,-2.420885009588405,12,0,0
10,1,3,1,T,F,F,1.3061329129517718,2.848808204109312,1,0,0,1.2382396823033277,-2.2919238279719285,0,0,0
10,1,3,2,T,F,F,1.3061329129517718,1.5432456304935527,2,1,0,-0.5841347016933095,-2.4682541213523663,0,0,0
10,1,3,3,O,O,O,1.3875371683928388,0.5644529882520204,1,1,0,-2.3064509995839044,-1.6552370490256445,0,4,0
10,1,3,4,T,F,F,1.3875371683928388,1.9126474057113438,2,0,0,-2.0287655175390373,-1.8729967759892403,0,0,0
11,1,4,1,F,F,F,1.300137278150079,2.8471867694875423,1,0,0,1.2343365819143752,-2.2933893183995027,0,0,0
11,1,4,2,F,F,F,1.300137278150079,1.5473976033192218,2,1,0,-0.5812844160646884,-2.4687329715099624,0,0,0
11,1,4,3,O,O,O,1.3875371683928388,0.5644529882520204,1,1,0,-2.3064509995839044,-1.6552370490256445,0,4,0
11,1,4,4,F,F,F,1.3875371683928388,1.9126474057113438,2,0,0,-2.0287655175390373,-1.8729967759892403,0,0,0
12,1,5,1,F,F,F,1.3003136223399816,2.8473646788005342,1,0,0,1.2342852554487105,-2.293408554701635,0,0,0
12,1,5,2,F,F,F,1.3003136223399816,1.5473976033192218,2,1,0,-0.5812844160646884,-2.4687329715099624,0,0,0
12,1,5,3,O,O,O,1.3875371683928388,0.5644529882520204,1,1,0,-2.3064509995839044,-1.6552370490256445,0,4,0
12,1,5,4,F,F,F,1.3875371683928388,1.9126474057113438,2,0,0,-2.0287655175390373,-1.8729967759892403,0,0,0
13,1,6,1,F,F,F,1.3003046585697773,2.8473646788005342,1,0,0,1.2342852554487105,-2.293408554701635,0,0,0
13,1,6,2,F,F,F,1.3003046585697773,1.5474066879017254,2,1,0,-0.5812885728048444,-2.4687322749279037,0,0,0
13,1,6,3,O,O,O,1.33233335492571,0.6742976714393891,1,1,0,-2.4288656768486883,-1.5437396729670216,0,4,0
13,1,6,4,F,F,F,1.33233335492571,1.912640584716946,2,0,0,-2.028771022353378,-1.8729928887589036,0,0,0
14,2,0,1,F,F,F,1.3002980221195886,2.8473646788005342,1,0,0,1.2342852554487105,-2.293408554701635,0,0,0
14,2,0,2,F,F,F,1.3002980221195886,1.5474132504418776,2,1,0,-0.5812858749118031,-2.4687327270385104,0,0,0
14,2,0,3,O,O,O,1.3559086313871065,0.6458746361057424,1,1,0,-2.4246541640960126,-1.5477543414803299,0,4,0
14,2,0,4,F,F,F,1.3559086313871065,1.9126315189640075,2,0,0,-2.028772344461876,-1.8729919551482679,0,0,0
15,2,1,1,F,F,F,1.3002981403169018,2.8473646788005342,1,0,0,1.2342852554487105,-2.293408554701635,0,0,0
15,2,1,2,F,F,F,1.3002981403169018,1.5474130989795407,2,1,0,-0.581284700279632,-2.4687329238816904,0,0,0
15,2,1,3,O,O,O,1.3673381895070227,0.6458746361057424,1,1,0,-2.4246541640960126,-1.5477543414803299,0,4,0
15,2,1,4,F,F,F,1.3673381895070227,1.9253682496456306,2,0,0,-2.030607519371463,-1.8716951617941757,0,0,0
16,2,2,1,F,F,F,1.4010658146281327,2.8473646788005342,1,0,0,1.2342852554487105,-2.293408554701635,0,0,0
16,2,2,2,F,F,F,1.4010658146281327,1.4469016089914328,2,1,0,-0.5907970348880694,-2.467125446759529,0,0,0
16,2,2,3,O,O,O,1.3673381895070227,0.6458746361057424,1,1,0,-2.4246541640960126,-1.5477543414803299,0,4,0
16,2,2,4,F,F,F,1.3673381895070227,1.9253682496456306,2,0,0,-2.030607519371463,-1.8716951617941757,0,0,0
17,2,3,1,F,F,F,1.4010407673230987,2.8473646788005342,1,0,0,1.2342852554487105,-2.293408554701635,0,0,0
17,2,3,2,F,F,F,1.4010407673230987,1.4469272666128745,2,1,0,-0.5908138189445633,-2.467122586720023,0,0,0
17,2,3,3,T,F,F,1.239065258771149,2.1696186555768278,1,0,0,-2.775806982021203,-1.1598369379567393,0,0,0
17,2,3,4,F,F,F,1.239065258771149,1.9253682496456306,2,0,0,-2.030607519371463,-1.8716951617941757,0,0,0
18,2,4,1,F,F,F,1.402587932029257,2.8489888914026555,1,0,0,1.2318848587091034,-2.2943071646225177,0,0,0
18,2,4,2,F,F,F,1.402587932029257,1.4469175246198258,2,1,0,-0.5908108382701454,-2.467123094639492,0,0,0
18,2,4,3,F,F,F,1.2813012064083635,2.2485611879869416,1,0,0,-2.7833835213344953,-1.1500642253578348,0,0,0
18,2,4,4,F,F,F,1.2813012064083635,1.9244880158205215,2,0,0,-2.031096279237188,-1.871349491871175,0,0,0
19,2,5,1,F,F,F,1.4018978958694808,2.8489888914026555,1,0,0,1.2318848587091034,-2.2943071646225177,0,0,0
19,2,5,2,F,F,F,1.4018978958694808,1.447559712000479,2,1,0,-0.5893066550072662,-2.467379077396089,0,0,0
19,2,5,3,F,F,F,1.2822714750479913,2.248265937935822,1,0,0,-2.783966545901113,-1.149309254459076,0,0,0
19,2,5,4,F,F,F,1.2822714750479913,1.9244880158205215,2,0,0,-2.031096279237188,-1.871349491871175,0,0,0
20,2,6,1,F,F,F,1.4018978958694808,2.8489888914026555,1,0,0,1.2318848587091034,-2.2943071646225177,0,0,0
20,2,6,2,F,F,F,1.4018978958694808,1.447559712000479,2,1,0,-0.5893066550072662,-2.467379077396089,0,0,0
20,2,6,3,F,F,F,1.2822714750479913,2.248265937935822,1,0,0,-2.783966545901113,-1.149309254459076,0,0,0
20,2,6,4,F,F,F,1.2822714750479913,1.9244880158205215,2,0,0,-2.031096279237188,-1.871349491871175,0,0,0
21,3,0,1,F,F,F,1.401893937454296,2.8489888914026555,1,0,0,1.2318848587091034,-2.2943071646225177,0,0,0
21,3,0,2,F,F,F,1.401893937454296,1.4475636899161972,2,1,0,-0.5893072197149174,-2.4673789814198095,0,0,0
21,3,0,3,F,F,F,1.2822730009029928,2.2482660153011182,1,0,0,-2.783967348959666,-1.1493082142695328,0,0,0
21,3,0,4,F,F,F,1.2822730009029928,1.9244880158205215,2,0,0,-2.031096279237188,-1.871349491871175,0,0,0
22,3,1,1,F,F,F,2.028647806600945,2.8489888914026555,0,0,0,1.2318848587091034,-2.2943071646225177,0,0,0
22,3,1,2,T,C,C,0.8778139129904474,0.940618530813905,1,1,0,-1.1640310514386254,-2.3188901324519153,12,0,0
22,3,1,3,F,F,F,1.6601683119429709,2.196757305899991,1,0,0,-2.8157279238664117,-1.1075284716366103,0,0,0
22,3,1,4,T,C,C,0.8778139129904474,1.4972347822037788,2,1,0,-1.8170853039458803,-2.0113453800890904,12,0,0
23,3,2,1,F,F,F,2.028647806600945,2.8489888914026555,0,0,0,1.2318848587091034,-2.2943071646225177,0,0,0
23,3,2,2,C,C,C,0.8778139129904474,0.940618530813905,1,1,0,-1.1640310514386254,-2.3188901324519153,12,0,0
23,3,2,3,F,F,F,1.6601683119429709,2.196757305899991,1,0,0,-2.8157279238664117,-1.1075284716366103,0,0,0
23,3,2,4,C,C,C,0.8778139129904474,1.4972347822037788,2,1,0,-1.8170853039458803,-2.0113453800890904,12,0,0
24,3,3,1,F,F,F,2.7189356726573606,2.8489888914026555,0,0,0,1.2318848587091034,-2.2943071646225177,0,0,0
24,3,3,2,T,F,F,2.7189356726573606,0.8596056094329017,0,1,0,1.1378020769899155,-2.3279733222484573,0,0,0
24,3,3,3,T,C,C,0.5616123022149997,2.196757305899991,1,0,0,-2.8157279238664117,-1.1075284716366103,12,0,0
24,3,3,4,C,C,C,0.5616123022149997,2.7098540582497015,1,0,0,-2.706351581522765,-1.2462549092187274,12,0,0
25,3,4,1,F,F,F,2.7245784992332367,2.8489888914026555,0,0,0,1.2318848587091034,-2.2943071646225177,0,0,0
25,3,4,2,F,F,F,2.7245784992332367,0.8605470997563627,0,1,0,1.1458461417787045,-2.325212266814084,0,0,0
25,3,4,3,C,C,C,0.7407183440452322,2.0070609194994504,1,0,0,-2.584392357087827,-1.3855641145494348,12,0,0
25,3,4,4,C,C,C,0.7407183440452322,2.7098540582497015,1,0,0,-2.706351581522765,-1.2462549092187274,12,0,0
26,3,5,1,F,F,F,2.7251712155089054,2.8493775793360965,0,0,0,1.2315486543287981,-2.2944328665220852,0,0,0
26,3,5,2,F,F,F,2.7251712155089054,0.8605470997563627,0,1,0,1.1458461417787045,-2.325212266814084,0,0,0
26,3,5,3,T,F,F,1.316655409276066,2.0070609194994504,1,0,0,-2.584392357087827,-1.3855641145494348,0,0,0
26,3,5,4,T,F,F,1.316655409276066,3.3106585829940447,1,0,0,-2.488814269862633,-1.48511640172611,0,0,0
27,3,6,1,F,F,F,2.725105926341918,2.849302599340366,0,0,0,1.231546051389053,-2.2944338395706225,0,0,0
27,3,6,2,F,F,F,2.725105926341918,0.8605610762950828,0,1,0,1.1458517311925727,-2.3252103407337987,0,0,0
27,3,6,3,F,F,F,1.2519192811472915,2.0070607394638293,1,0,0,-2.584392366451625,-1.3855641044051967,0,0,0
27,3,6,4,F,F,F,1.2519192811472915,3.2402069334929853,1,0,0,-2.4716500747342165,-1.5021882239484587,0,0,0
28,4,0,1,F,F,F,2.7251121761690724,2.849302599340366,0,0,0,1.231546051389053,-2.2944338395706225,0,0,0
28,4,0,2,F,F,F,2.7251121761690724,0.8605627047669406,0,1,0,1.1458610162615253,-2.325207141128521,0,0,0
28,4,0,3,F,F,F,1.2519194898505641,2.0070605579370038,1,0,0,-2.5843924571817705,-1.3855640061130141,0,0,0
28,4,0,4,F,F,F,1.2519194898505641,3.2402069334929853,1,0,0,-2.4716500747342165,-1.5021882239484587,0,0,0
29,4,1,1,F,F,F,2.824855315281364,3.022823130137587,0,0,0,1.298937663547191,-2.2684493182881953,0,0,0
29,4,1,2,F,F,F,2.824855315281364,0.8605611515186027,0,1,0,1.1458616325199216,-2.325206928766807,0,0,0
29,4,1,3,F,F,F,1.2814909928596754,1.9681088034603147,1,0,0,-2.5534159050911414,-1.4186912195705328,0,0,0
29,4,1,4,F,F,F,1.2814909928596754,3.2402069334929853,1,0,0,-2.4716500747342165,-1.5021882239484587,0,0,0
30,4,2,1,F,F,F,2.6041145120479454,3.022823130137587,0,0,0,1.298937663547191,-2.2684493182881953,0,0,0
30,4,2,2,F,F,F,2.6041145120479454,0.9324823340502841,0,1,0,0.8951897410527347,-2.4012696640392894,0,0,0
30,4,2,3,F,F,F,1.1812601770463238,1.9681088034603147,1,0,0,-2.5534159050911414,-1.4186912195705328,0,0,0
30,4,2,4,F,F,F,1.1812601770463238,3.1220231470106454,1,0,0,-2.417019957679469,-1.5549979499363873,0,0,0
31,4,3,1,F,F,F,2.594797007571623,3.022823130137587,0,0,0,1.298937663547191,-2.2684493182881953,0,0,0
31,4,3,2,F,F,F,2.594797007571623,0.9474467098135144,0,1,0,0.8957520642466851,-2.4011216149085004,0,0,0
31,4,3,3,F,F,F,1.1712047536481713,1.9681088034603147,1,0,0,-2.5534159050911414,-1.4186912195705328,0,0,0
31,4,3,4,F,F,F,1.1712047536481713,3.112704192552813,1,0,0,-2.4193704657655912,-1.5527723261938562,0,0,0
32,4,4,1,F,F,F,2.5953507822913884,3.0245275775220075,0,0,0,1.3002950034303011,-2.2679095617923997,0,0,0
32,4,4,2,F,F,F,2.5953507822913884,0.9474467098135144,0,1,0,0.8957520642466851,-2.4011216149085004,0,0,0
32,4,4,3,F,F,F,1.1721051627381485,1.9687627782690424,1,0,0,-2.5571646954723146,-1.4147274629303375,0,0,0
32,4,4,4,F,F,F,1.1721051627381485,3.112704192552813,1,0,0,-2.4193704657655912,-1.5527723261938562,0,0,0
33,4,5,1,F,F,F,2.598953681734479,3.0245275775220075,0,0,0,1.3002950034303011,-2.2679095617923997,0,0,0
33,4,5,2,F,F,F,2.598953681734479,0.9488463987443625,0,1,0,0.9023363964424582,-2.3993806829561235,0,0,0
33,4,5,3,F,F,F,1.172069330425244,1.9689824091805588,1,0,0,-2.557171995227232,-1.4147197325622662,0,0,0
33,4,5,4,F,F,F,1.172069330425244,3.1136869738154602,1,0,0,-2.421395744394318,-1.5508513576900338,0,0,0
34,4,6,1,F,F,F,2.598973376855963,3.0245275775220075,0,0,0,1.3002950034303011,-2.2679095617923997,0,0,0
34,4,6,2,F,F,F,2.598973376855963,0.9488480322587614,0,1,0,0.9023666446863897,-2.399372653675591,0,0,0
34,4,6,3,F,F,F,1.172071954501032,1.9689824091805588,1,0,0,-2.557171995227232,-1.4147197325622662,0,0,0
34,4,6,4,F,F,F,1.172071954501032,3.113693185897825,1,0,0,-2.421404707143443,-1.5508428497701656,0,0,0
35,5,0,1,F,F,F,2.5989791597635272,3.0245275775220075,0,0,0,1.3002950034303011,-2.2679095617923997,0,0,0
35,5,0,2,F,F,F,2.5989791597635272,0.9488591148875267,0,1,0,0.9023854855294319,-2.3993676523003233,0,0,0
35,5,0,3,F,F,F,1.1720695160395946,1.9689824091805588,1,0,0,-2.557171995227232,-1.4147197325622662,0,0,0
35,5,0,4,F,F,F,1.1720695160395946,3.113693904339867,1,0,0,-2.421412815803692,-1.5508351525454636,0,0,0
36,5,1,1,F,F,F,3.0511491014992536,3.6090212598966063,0,0,0,1.4343692539493835,-2.211321354726851,0,0,0
36,5,1,2,F,F,F,3.0511491014992536,0.939471507153887,0,1,0,0.9011424583726318,-2.399697379138051,0,0,0
36,5,1,3,F,F,F,1.1720672646484755,1.9689824091805588,1,0,0,-2.557171995227232,-1.4147197325622662,0,0,0
36,5,1,4,F,F,F,1.1720672646484755,3.1136921869512117,1,0,0,-2.421414273569906,-1.5508337687414924,0,0,0
37,5,2,1,F,F,F,3.0511491014992536,3.6090212598966063,0,0,0,1.4343692539493835,-2.211321354726851,0,0,0
37,5,2,2,F,F,F,3.0511491014992536,0.939471507153887,0,1,0,0.9011424583726318,-2.399697379138051,0,0,0
37,5,2,3,F,F,F,1.1693815568192274,1.9689824091805588,1,0,0,-2.557171995227232,-1.4147197325622662,0,0,0
37,5,2,4,F,F,F,1.1693815568192274,3.1109053365769888,1,0,0,-2.421284495653314,-1.5509569559498408,0,0,0
38,5,3,1,F,F,F,3.0511491014992536,3.6090212598966063,0,0,0,1.4343692539493835,-2.211321354726851,0,0,0
38,5,3,2,F,F,F,3.0511491014992536,0.939471507153887,0,1,0,0.9011424583726318,-2.399697379138051,0,0,0
38,5,3,3,F,F,F,1.1692452408199738,1.9689697645111237,1,0,0,-2.5571780892423233,-1.4147132790248582,0,0,0
38,5,3,4,F,F,F,1.1692452408199738,3.1107722127604123,1,0,0,-2.4213369549151387,-1.5509071623174153,0,0,0
39,5,4,1,F,F,F,3.0574895082302724,3.6140839580826625,0,0,0,1.4319972163140822,-2.2123797989136844,0,0,0
39,5,4,2,F,F,F,3.0574895082302724,0.9393126530104543,0,1,0,0.9011538848626316,-2.3996943503493062,0,0,0
39,5,4,3,F,F,F,1.1692452408199738,1.9689697645111237,1,0,0,-2.5571780892423233,-1.4147132790248582,0,0,0
39,5,4,4,F,F,F,1.1692452408199738,3.1107722127604123,1,0,0,-2.4213369549151387,-1.5509071623174153,0,0,0
40,5,5,1,F,F,F,3.0574895082302724,3.6140839580826625,0,0,0,1.4319972163140822,-2.2123797989136844,0,0,0
40,5,5,2,F,F,F,3.0574895082302724,0.9393126530104543,0,1,0,0.9011538848626316,-2.3996943503493062,0,0,0
40,5,5,3,F,F,F,1.168884741347682,1.9697431217188845,1,0,0,-2.5581226774367414,-1.413712569297322,0,0,0
40,5,5,4,F,F,F,1.168884741347682,3.1107722127604123,1,0,0,-2.4213369549151387,-1.5509071623174153,0,0,0
41,5,6,1,F,F,F,3.057513431775838,3.61409313683481,0,0,0,1.4319942610395335,-2.212381116298289,0,0,0
41,5,6,2,F,F,F,3.057513431775838,0.9393043051993133,0,1,0,0.9011661582767401,-2.399691097022896,0,0,0
41,5,6,3,F,F,F,1.168892328870135,1.9697414925047405,1,0,0,-2.558122583396005,-1.413712668964422,0,0,0
41,5,6,4,F,F,F,1.168892328870135,3.1107798640783364,1,0,0,-2.4213406890820393,-1.550903617817756,0,0,0
42,6,0,1,F,F,F,3.0575139582094293,3.61409313683481,0,0,0,1.4319942610395335,-2.212381116298289,0,0,0
42,6,0,2,F,F,F,3.0575139582094293,0.9393035424652751,0,1,0,0.9011660713648108,-2.399691120060897,0,0,0
42,6,0,3,F,F,F,1.1688926915925064,1.969741779311057,1,0,0,-2.5581224992889524,-1.4137127581035087,0,0,0
42,6,0,4,F,F,F,1.1688926915925064,3.110780464740721,1,0,0,-2.4213404693646665,-1.550903826375447,0,0,0
43,6,1,1,F,F,F,2.876360409176463,3.61409313683481,0,0,0,1.4319942610395335,-2.212381116298289,0,0,0
43,6,1,2,F,F,F,2.876360409176463,0.9314895348357313,0,1,0,0.5318500800973041,-2.4766557914611704,0,0,0
43,6,1,3,F,F,F,1.0700545849145653,2.0481298290083205,1,0,0,-2.4893964674443465,-1.4845332012021117,0,0,0
43,6,1,4,F,F,F,1.0700545849145653,3.110780464740721,1,0,0,-2.4213404693646665,-1.550903826375447,0,0,0
44,6,2,1,F,F,F,2.722732852931279,3.476800381393059,0,0,0,1.4778915653474336,-2.1915257356121876,0,0,0
44,6,2,2,F,F,F,1.8163094817687513,0.9314895348357313,1,1,0,0.5318500800973041,-2.4766557914611704,0,0,0
44,6,2,3,T,O,O,1.8163094817687513,-0.5458446039535436,1,1,1,-1.1726917232905034,-2.315839881858887,0,4,0
44,6,2,4,F,F,F,3.5911306415684376,3.110780464740721,0,0,0,-2.4213404693646665,-1.550903826375447,0,0,0
45,6,3,1,F,F,F,2.722998589517796,3.477006669134076,0,0,0,1.4777450935222425,-2.191593557859607,0,0,0
45,6,3,2,F,F,F,1.8163094817687513,0.9314895348357313,1,1,0,0.5318500800973041,-2.4766557914611704,0,0,0
45,6,3,3,O,O,O,1.8163094817687513,-0.5458446039535436,1,1,1,-1.1726917232905034,-2.315839881858887,0,4,0
45,6,3,4,F,F,F,3.592510302905063,3.1113579512099077,0,0,0,-2.4220396290852295,-1.5502399955966277,0,0,0
46,6,4,1,F,F,F,2.722998589517796,3.477006669134076,0,0,0,1.4777450935222425,-2.191593557859607,0,0,0
46,6,4,2,F,F,F,1.8163094817687513,0.9314895348357313,1,1,0,0.5318500800973041,-2.4766557914611704,0,0,0
46,6,4,3,O,O,O,1.8163094817687513,-0.5458446039535436,1,1,1,-1.1726917232905034,-2.315839881858887,0,4,0
46,6,4,4,F,F,F,3.594639385452571,3.1085220671231606,0,0,0,-2.423454443837379,-1.5488955566371998,0,0,0
47,6,5,1,F,F,F,2.722998589517796,3.477006669134076,0,0,0,1.4777450935222425,-2.191593557859607,0,0,0
47,6,5,2,F,F,F,1.8163094817687513,0.9314895348357313,1,1,0,0.5318500800973041,-2.4766557914611704,0,0,0
47,6,5,3,O,O,O,1.8163094817687513,-0.5458446039535436,1,1,1,-1.1726917232905034,-2.315839881858887,0,4,0
47,6,5,4,F,F,F,3.594639385452571,3.1085220671231606,0,0,0,-2.423454443837379,-1.5488955566371998,0,0,0
48,6,6,1,F,F,F,2.7230076804806194,3.477006669134076,0,0,0,1.4777450935222425,-2.191593557859607,0,0,0
48,6,6,2,F,F,F,2.650094571917668,0.9314827179401295,0,1,0,0.5318575235059728,-2.4766546527790325,0,0,0
48,6,6,3,T,F,F,1.4944515657233357,1.8437420052013223,1,0,0,-1.9400999308832825,-1.9336005621397545,0,0,0
48,6,6,4,F,F,F,1.4944515657233357,3.1085220671231606,1,0,0,-2.423454443837379,-1.5488955566371998,0,0,0
49,7,0,1,F,F,F,2.72302611725259,3.477024992759634,0,0,0,1.4777434574137307,-2.1915943153964474,0,0,0
49,7,0,2,F,F,F,2.650094571917668,0.9314827179401295,0,1,0,0.5318575235059728,-2.4766546527790325,0,0,0
49,7,0,3,F,F,F,1.4944515657233357,1.8437420052013223,1,0,0,-1.9400999308832825,-1.9336005621397545,0,0,1
49,7,0,4,F,F,F,1.4944515657233357,3.1085220671231606,1,0,0,-2.423454443837379,-1.5488955566371998,0,0,0
50,7,1,1,F,F,F,2.7230588002619993,3.4770271158599733,0,0,0,1.4777423201016044,-2.191594841984291,0,0,0
50,7,1,2,F,F,F,2.651217804701713,0.9314678214199006,0,1,0,0.5318983650274737,-2.4766484046105526,0,0,0
50,7,1,3,F,F,F,1.4934192788251368,1.844334472163565,1,0,0,-1.9407863717603195,-1.9331464776225236,0,0,1
50,7,1,4,F,F,F,1.4934192788251368,3.1085220671231606,1,0,0,-2.423454443837379,-1.5488955566371998,0,0,0
51,7,2,1,F,F,F,2.5511033959558342,3.3428882015931234,0,0,0,1.4073838167125834,-2.2232391770477604,0,0,0
51,7,2,2,F,F,F,2.436176798167589,0.9057675845526676,0,1,0,0.28400569820546673,-2.505615604053991,0,0,0
51,7,2,3,F,F,F,1.4942031829508602,1.8438577688481312,1,0,0,-1.940291005436475,-1.933474188436352,0,0,1
51,7,2,4,F,F,F,1.4942031829508602,3.1085220671231606,1,0,0,-2.423454443837379,-1.5488955566371998,0,0,0
52,7,3,1,F,F,F,2.555042112083477,3.3470276883927492,0,0,0,1.4011512164297568,-2.2259533891080037,0,0,0
52,7,3,2,F,F,F,2.4863936095000687,0.9035894414699635,0,1,0,0.2709983922945781,-2.5066451019990255,0,0,0
52,7,3,3,F,F,F,1.4482618487109868,1.8409385656097514,1,0,0,-2.0015723090119475,-1.8920076576310412,0,0,1
52,7,3,4,F,F,F,1.4482618487109868,3.1085220671231606,1,0,0,-2.423454443837379,-1.5488955566371998,0,0,0
53,7,4,1,F,F,F,2.555042112083477,3.3470276883927492,0,0,0,1.4011512164297568,-2.2259533891080037,0,0,0
53,7,4,2,F,F,F,2.4863936095000687,0.9035894414699635,0,1,0,0.2709983922945781,-2.5066451019990255,0,0,0
53,7,4,3,F,F,F,1.4482618487109868,1.8409385656097514,1,0,0,-2.0015723090119475,-1.8920076576310412,0,0,1
53,7,4,4,F,F,F,1.4482618487109868,3.1085220671231606,1,0,0,-2.423454443837379,-1.5488955566371998,0,0,0
54,7,5,1,F,F,F,2.5573449123873386,3.3489566540535605,0,0,0,1.4023209053468704,-2.22544509772328,0,0,0
54,7,5,2,F,F,F,2.5181012793826834,0.902800369427887,0,1,0,0.2713553389356924,-2.5066174983923037,0,0,0
54,7,5,3,F,F,F,1.4158659972339611,1.8690978473840931,1,0,0,-2.0141266663561774,-1.883278302882494,0,0,1
54,7,5,4,F,F,F,1.4158659972339611,3.1090613863087992,1,0,0,-2.42355381431859,-1.5488010728775625,0,0,0
55,7,6,1,F,F,F,2.5573449123873386,3.3489566540535605,0,0,0,1.4023209053468704,-2.22544509772328,0,0,0
55,7,6,2,F,F,F,2.5181012793826834,0.902800369427887,0,1,0,0.2713553389356924,-2.5066174983923037,0,0,0
55,7,6,3,F,F,F,1.4158659972339611,1.8690978473840931,1,0,0,-2.0141266663561774,-1.883278302882494,0,0,1
55,7,6,4,F,F,F,1.4158659972339611,3.1090613863087992,1,0,0,-2.42355381431859,-1.5488010728775625,0,0,0
56,8,0,1,F,F,F,2.55735626870786,3.3489674527792563,0,0,0,1.402318677140391,-2.225446066475648,0,0,0
56,8,0,2,F,F,F,2.5181012793826834,0.902800369427887,0,1,0,0.2713553389356924,-2.5066174983923037,0,0,0
56,8,0,3,F,F,F,1.4158659972339611,1.8690978473840931,1,0,0,-2.0141266663561774,-1.883278302882494,0,0,1
56,8,0,4,F,F,F,1.4158659972339611,3.1090613863087992,1,0,0,-2.42355381431859,-1.5488010728775625,0,0,0
57,8,1,1,F,F,F,2.770943533059068,3.3348843710276443,0,0,0,1.4478799495506287,-2.2052525098171705,0,0,0
57,8,1,2,F,F,F,2.770943533059068,1.010106285880504,0,1,0,0.957013665343598,-2.384394309820535,0,0,0
57,8,1,3,F,F,F,1.3623066986168546,1.9293944381356067,1,0,0,-2.0187298978301165,-1.880057221585504,0,0,1
57,8,1,4,F,F,F,1.3623066986168546,3.1090613863087992,1,0,0,-2.42355381431859,-1.5488010728775625,0,0,0
58,8,2,1,F,F,F,2.770943533059068,3.3348843710276443,0,0,0,1.4478799495506287,-2.2052525098171705,0,0,0
58,8,2,2,F,F,F,2.770943533059068,1.010106285880504,0,1,0,0.957013665343598,-2.384394309820535,0,0,0
58,8,2,3,F,F,F,1.2661887792863558,1.9578334848585768,1,0,0,-2.115848894859135,-1.8094809937288026,0,0,1
58,8,2,4,F,F,F,1.2661887792863558,3.1090613863087992,1,0,0,-2.42355381431859,-1.5488010728775625,0,0,0
59,8,3,1,F,F,F,2.770943533059068,3.3348843710276443,0,0,0,1.4478799495506287,-2.2052525098171705,0,0,0
59,8,3,2,F,F,F,2.770943533059068,1.010106285880504,0,1,0,0.957013665343598,-2.384394309820535,0,0,0
59,8,3,3,F,F,F,1.2661887792863558,1.9578334848585768,1,0,0,-2.115848894859135,-1.8094809937288026,0,0,1
59,8,3,4,F,F,F,1.2661887792863558,3.1090613863087992,1,0,0,-2.42355381431859,-1.5488010728775625,0,0,0
60,8,4,1,F,F,F,2.781243807635735,3.3348843710276443,0,0,0,1.4478799495506287,-2.2052525098171705,0,0,0
60,8,4,2,F,F,F,2.781243807635735,1.0096358041678988,0,1,0,0.9722852487581501,-2.380038667685224,0,0,0
60,8,4,3,F,F,F,1.2658168025819887,1.9561986109888276,1,0,0,-2.115297583157833,-1.8098961074542652,0,0,1
60,8,4,4,F,F,F,1.2658168025819887,3.103992695830923,1,0,0,-2.426894871929189,-1.5456200188959488,0,0,0
61,8,5,1,F,F,F,2.784429105782786,3.3348843710276443,0,0,0,1.4478799495506287,-2.2052525098171705,0,0,0
61,8,5,2,F,F,F,2.784429105782786,1.0093221775628245,0,1,0,0.9768020979500553,-2.378736104143141,0,0,0
61,8,5,3,F,F,F,1.2646672698390982,1.9567327437393094,1,0,0,-2.115342006248924,-1.8098626650779175,0,0,1
61,8,5,4,F,F,F,1.2646672698390982,3.1035147819714193,1,0,0,-2.4266240271109445,-1.5458782042839099,0,0,0
62,8,6,1,F,F,F,2.7844548034475394,3.3349031679020116,0,0,0,1.4478820034151167,-2.205251582042606,0,0,0
62,8,6,2,F,F,F,2.7844548034475394,1.0093236640331176,0,1,0,0.9768188393471243,-2.3787312641132825,0,0,0
62,8,6,3,F,F,F,1.256846190631761,1.9524640040195274,1,0,0,-2.132565306884901,-1.7968134031198633,0,0,1
62,8,6,4,F,F,F,1.256846190631761,3.103512937667882,1,0,0,-2.4266246411250005,-1.545877619031395,0,0,0
63,9,0,1,F,F,F,2.7844775016073657,3.3349191325250875,0,0,0,1.4478854731646338,-2.2052500146788585,0,0,0
63,9,0,2,F,F,F,2.7844775016073657,1.0093186162359777,0,1,0,0.976829487015485,-2.378728185767104,0,0,0
63,9,0,3,F,F,F,1.256846190631761,1.9524640040195274,1,0,0,-2.132565306884901,-1.7968134031198633,0,0,1
63,9,0,4,F,F,F,1.256846190631761,3.103512937667882,1,0,0,-2.4266246411250005,-1.545877619031395,0,0,0
64,9,1,1,F,F,F,2.784480022634036,3.3349211454960117,0,0,0,1.4478864303120786,-2.2052495823130758,0,0,0
64,9,1,2,F,F,F,2.784480022634036,1.009316690001011,0,1,0,0.9768294857573466,-2.3787281861308465,0,0,0
64,9,1,3,F,F,F,1.2886365621520317,1.9912237926892309,1,0,0,-2.04435283141743,-1.8619261871466115,0,0,1
64,9,1,4,F,F,F,1.2886365621520317,3.103512937667882,1,0,0,-2.4266246411250005,-1.545877619031395,0,0,0
65,9,2,1,F,F,F,2.75599320072515,3.334908235198013,0,0,0,1.447894146529725,-2.2052460967053626,0,0,0
65,9,2,2,F,F,F,2.75599320072515,1.0417792199101137,0,1,0,0.9680708814661837,-2.381248108089273,0,0,0
65,9,2,3,F,F,F,1.2188707275071022,1.9878363683532458,1,0,0,-2.0435664079245712,-1.8624877879918131,0,0,1
65,9,2,4,F,F,F,1.2188707275071022,3.1475753833272333,1,0,0,-2.268463896055586,-1.6877632991564406,0,0,0
66,9,3,1,F,F,F,2.7561200708838505,3.335095238871998,0,0,0,1.4480712912869529,-2.205166069855124,0,0,0
66,9,3,2,F,F,F,2.7561200708838505,1.0424004949278962,0,1,0,0.9688424863143407,-2.381027097896769,0,0,0
66,9,3,3,F,F,F,1.2188707275071022,1.9878363683532458,1,0,0,-2.0435664079245712,-1.8624877879918131,0,0,1
66,9,3,4,F,F,F,1.2188707275071022,3.1475753833272333,1,0,0,-2.268463896055586,-1.6877632991564406,0,0,0
67,9,4,1,F,F,F,2.7561200708838505,3.335095238871998,0,0,0,1.4480712912869529,-2.205166069855124,0,0,0
67,9,4,2,F,F,F,2.7561200708838505,1.0424004949278962,0,1,0,0.9688424863143407,-2.381027097896769,0,0,0
67,9,4,3,F,F,F,1.3554752654528963,1.8478145426208794,1,0,0,-2.03344027433551,-1.869689992091537,0,0,1
67,9,4,4,F,F,F,1.3554752654528963,3.1475753833272333,1,0,0,-2.268463896055586,-1.6877632991564406,0,0,0
68,9,5,1,F,F,F,2.758292943769138,3.335095238871998,0,0,0,1.4480712912869529,-2.205166069855124,0,0,0
68,9,5,2,F,F,F,2.758292943769138,1.0437745174342425,0,1,0,0.9735273958006713,-2.3796811106412927,0,0,0
68,9,5,3,F,F,F,1.3554752654528963,1.8478145426208794,1,0,0,-2.03344027433551,-1.869689992091537,0,0,1
68,9,5,4,F,F,F,1.3554752654528963,3.1475753833272333,1,0,0,-2.268463896055586,-1.6877632991564406,0,0,0
69,9,6,1,F,F,F,2.7583023530826227,3.335095238871998,0,0,0,1.4480712912869529,-2.205166069855124,0,0,0
69,9,6,2,F,F,F,2.7583023530826227,1.04376857456058,0,1,0,0.9735352883602809,-2.379678837155576,0,0,0
69,9,6,3,F,F,F,1.3550861261625444,1.848099676149348,1,0,0,-2.03370646577602,-1.8695013523364665,0,0,1
69,9,6,4,F,F,F,1.3550861261625444,3.1475753833272333,1,0,0,-2.268463896055586,-1.6877632991564406,0,0,0
70,10,0,1,F,F,F,2.7583027154961943,3.3350970365490116,0,0,0,1.4480730947218146,-2.2051652550754364,0,0,0
70,10,0,2,F,F,F,2.7583027154961943,1.04376857456058,0,1,0,0.9735352883602809,-2.379678837155576,0,0,0
70,10,0,3,F,F,F,1.3550861261625444,1.848099676149348,1,0,0,-2.03370646577602,-1.8695013523364665,0,0,1
70,10,0,4,F,F,F,1.3550861261625444,3.1475753833272333,1,0,0,-2.268463896055586,-1.6877632991564406,0,0,0
71,10,1,1,F,F,F,1.9206436496668917,2.756632881827556,0,0,0,1.0052703781322436,-2.370375567625937,0,0,0
71,10,1,2,F,F,F,2.6061684581665134,1.04376857456058,0,1,0,0.9735352883602809,-2.379678837155576,0,0,0
71,10,1,3,F,F,F,1.3550861261625444,1.848099676149348,1,0,0,-2.03370646577602,-1.8695013523364665,0,0,1
71,10,1,4,F,F,F,1.3550861261625444,3.1475753833272333,1,0,0,-2.268463896055586,-1.6877632991564406,0,0,0
72,10,2,1,F,F,F,1.8870782107190074,2.6274621345256937,1,0,0,1.0442694579499077,-2.358496880926497,0,0,0
72,10,2,2,F,F,F,2.353224785465354,1.1515495377936964,0,1,0,0.8897799924140521,-2.4026888728033384,0,0,0
72,10,2,3,F,F,F,1.3550861261625444,1.848099676149348,2,0,0,-2.03370646577602,-1.8695013523364665,0,0,1
72,10,2,4,F,F,F,1.3550861261625444,3.1475753833272333,1,0,0,-2.268463896055586,-1.6877632991564406,0,0,0
73,10,3,1,F,F,F,1.8831239602775733,2.627501717221477,1,0,0,1.0442143028971254,-2.358514029987827,0,0,0
73,10,3,2,F,F,F,2.3573894896335497,1.1575250248055449,0,1,0,0.8972169577895001,-2.4007354690794402,0,0,0
73,10,3,3,F,F,F,1.3628072146542252,1.841806294803873,2,0,0,-2.029768457890274,-1.8722882876469316,0,0,1
73,10,3,4,F,F,F,1.3628072146542252,3.1475753833272333,1,0,0,-2.268463896055586,-1.6877632991564406,0,0,0
74,10,4,1,F,F,F,1.8831239602775733,2.627501717221477,1,0,0,1.0442143028971254,-2.358514029987827,0,0,0
74,10,4,2,F,F,F,2.3573894896335497,1.1575250248055449,0,1,0,0.8972169577895001,-2.4007354690794402,0,0,0
74,10,4,3,F,F,F,1.3627613361036985,1.841806294803873,2,0,0,-2.029768457890274,-1.8722882876469316,0,0,1
74,10,4,4,F,F,F,1.3627613361036985,3.1464787608745435,1,0,0,-2.2705536321456243,-1.6859981763862606,0,0,0
75,10,5,1,F,F,F,1.8857162927581523,2.629704196093473,1,0,0,1.0453588054601148,-2.3581579724377177,0,0,0
75,10,5,2,F,F,F,2.3580829872693503,1.1575250248055449,0,1,0,0.8972169577895001,-2.4007354690794402,0,0,0
75,10,5,3,F,F,F,1.3627613361036985,1.841806294803873,2,0,0,-2.029768457890274,-1.8722882876469316,0,0,1
75,10,5,4,F,F,F,1.3627613361036985,3.1464787608745435,1,0,0,-2.2705536321456243,-1.6859981763862606,0,0,0
76,10,6,1,F,F,F,1.8857162927581523,2.629704196093473,1,0,0,1.0453588054601148,-2.3581579724377177,0,0,0
76,10,6,2,F,F,F,2.3580829872693503,1.1575250248055449,0,1,0,0.8972169577895001,-2.4007354690794402,0,0,0
76,10,6,3,F,F,F,1.3627609594154169,1.841806294803873,2,0,0,-2.029768457890274,-1.8722882876469316,0,0,1
76,10,6,4,F,F,F,1.3627609594154169,3.1464783186760275,1,0,0,-2.270553737454888,-1.6859980873652238,0,0,0
77,11,0,1,F,F,F,1.8773703207902512,2.6297042103472967,1,0,0,1.045358779084625,-2.3581579806481265,0,0,0
77,11,0,2,F,F,F,2.35808893569822,1.1575186593563376,0,1,0,0.897220775211889,-2.400734461925567,0,0,0
77,11,0,3,F,F,F,1.3919864406554685,1.8160090990733893,2,0,0,-2.0190371275823082,-1.8798418493806532,0,0,1
77,11,0,4,F,F,F,1.3919864406554685,3.1464783186760275,1,0,0,-2.270553737454888,-1.6859980873652238,0,0,0
78,11,1,1,F,F,F,1.0994784067938754,2.6147210744779312,1,0,0,1.2035277230337955,-2.3047724611369373,0,0,0
78,11,1,2,F,F,F,1.0994784067938754,2.072981763627515,1,0,0,0.16814868518659887,-2.5130792788762997,0,0,0
78,11,1,3,F,F,F,1.3804164461598039,1.8227023020344655,1,0,0,-2.030601525143735,-1.871699400369742,0,0,1
78,11,1,4,F,F,F,1.3804164461598039,3.1464783186760275,1,0,0,-2.270553737454888,-1.6859980873652238,0,0,0
79,11,2,1,F,F,F,1.0994784067938754,2.6147210744779312,1,0,0,1.2035277230337955,-2.3047724611369373,0,0,0
79,11,2,2,F,F,F,1.0994784067938754,2.072981763627515,1,0,0,0.16814868518659887,-2.5130792788762997,0,0,0
79,11,2,3,F,F,F,1.402068439846052,1.8227023020344655,1,0,0,-2.030601525143735,-1.871699400369742,0,0,1
79,11,2,4,F,F,F,1.402068439846052,3.1773160655080033,1,0,0,-2.252287660688775,-1.701333058604416,0,0,0
80,11,3,1,F,F,F,2.2106247691750918,4.868808884646624,0,0,0,0.20240010217220472,-2.5112724472248926,0,0,0
80,11,3,2,F,F,F,3.1816829584093367,2.3477571580005763,0,0,0,0.5418829360944213,-2.475106168675958,0,0,0
80,11,3,3,F,F,F,1.4027448493352872,1.8227023020344655,1,0,0,-2.030601525143735,-1.871699400369742,0,0,1
80,11,3,4,F,F,F,1.4027448493352872,3.177686225277941,1,0,0,-2.2530132868244284,-1.7007278888093456,0,0,0
81,11,4,1,F,F,F,2.2276664108283453,4.877885510338938,0,0,0,0.20227815400874538,-2.5112794745520923,0,0,0
81,11,4,2,F,F,F,3.16364478322687,2.3477571580005763,0,0,0,0.5418829360944213,-2.475106168675958,0,0,0
81,11,4,3,F,F,F,1.3798153807455829,1.8632034111015914,1,0,0,-2.0099717990378543,-1.886176253639499,0,0,1
81,11,4,4,F,F,F,1.3798153807455829,3.1803594833304625,1,0,0,-2.2609519829412266,-1.6940853978361816,0,0,0
82,11,5,1,F,F,F,2.2298033949127416,4.879377950613653,0,0,0,0.20178422995949585,-2.5113078937255926,0,0,0
82,11,5,2,F,F,F,3.16364478322687,2.3477571580005763,0,0,0,0.5418829360944213,-2.475106168675958,0,0,0
82,11,5,3,F,F,F,1.3821912359373971,1.8632034111015914,1,0,0,-2.0099717990378543,-1.886176253639499,0,0,1
82,11,5,4,F,F,F,1.3821912359373971,3.1819154312426714,1,0,0,-2.2626736939572214,-1.6926395515690522,0,0,0
83,11,6,1,F,F,F,2.2298024254555795,4.879378004158742,0,0,0,0.20178430407340364,-2.5113078894664898,0,0,0
83,11,6,2,F,F,F,3.163645285145855,2.3477579438934257,0,0,0,0.5418830341086233,-2.4751061533923298,0,0,0
83,11,6,3,F,F,F,1.3823664275696605,1.8632034111015914,1,0,0,-2.0099717990378543,-1.886176253639499,0,0,1
83,11,6,4,F,F,F,1.3823664275696605,3.1820615789072497,1,0,0,-2.262740629658048,-1.6925833028700716,0,0,0
84,12,0,1,F,F,F,2.2298029223714204,4.879378004158742,0,0,0,0.20178430407340364,-2.5113078894664898,0,0,0
84,12,0,2,F,F,F,3.1423880842670027,2.3477577158531546,0,0,0,0.54188294611884,-2.475106167112822,0,0,0
84,12,0,3,F,F,F,1.3528556119077377,1.907842717456155,1,0,0,-1.986036118170698,-1.9026988368278004,0,0,0
84,12,0,4,F,F,F,1.3528556119077377,3.1820608635403995,1,0,0,-2.2627406405995405,-1.6925832936752734,0,0,0
85,12,1,1,F,F,F,2.2298029223714204,4.879378004158742,0,0,0,0.20178430407340364,-2.5113078894664898,0,0,0
85,12,1,2,F,F,F,3.1483361205283895,2.3477577158531546,0,0,0,0.54188294611884,-2.475106167112822,0,0,0
85,12,1,3,F,F,F,1.3446600861322726,1.914911740677264,1,0,0,-1.989178285494411,-1.9005464568797232,0,0,0
85,12,1,4,F,F,F,1.3446600861322726,3.1820608635403995,1,0,0,-2.2627406405995405,-1.6925832936752734,0,0,0
86,12,2,1,F,F,F,2.040483960246107,4.681759787053734,0,0,0,0.18175776674122202,-2.51240147395329,0,0,0
86,12,2,2,F,F,F,3.1483361205283895,2.3477577158531546,0,0,0,0.54188294611884,-2.475106167112822,0,0,0
86,12,2,3,F,F,F,1.331719367326005,1.914911740677264,1,0,0,-1.989178285494411,-1.9005464568797232,0,0,0
86,12,2,4,F,F,F,1.331719367326005,3.1729944745287377,1,0,0,-2.255200789151244,-1.6989015173977,0,0,0
87,12,3,1,F,F,F,2.0423501974946183,4.682847620411863,0,0,0,0.18189772373346913,-2.512394228742068,0,0,0
87,12,3,2,F,F,F,3.1487060519705103,2.3473500910677623,0,0,0,0.5423898869346145,-2.4750270805493098,0,0,0
87,12,3,3,F,F,F,1.3310501534844417,1.914911740677264,1,0,0,-1.989178285494411,-1.9005464568797232,0,0,0
87,12,3,4,F,F,F,1.3310501534844417,3.1721792585692854,1,0,0,-2.255401148351633,-1.6987340847171541,0,0,0
88,12,4,1,F,F,F,2.0423501974946183,4.682847620411863,0,0,0,0.18189772373346913,-2.512394228742068,0,0,0
88,12,4,2,F,F,F,3.1480208911334127,2.3473500910677623,0,0,0,0.5423898869346145,-2.4750270805493098,0,0,0
88,12,4,3,F,F,F,1.3341852978237032,1.9114595560300969,1,0,0,-1.9893029538839508,-1.9004609560669132,0,0,0
88,12,4,4,F,F,F,1.3341852978237032,3.1721792585692854,1,0,0,-2.255401148351633,-1.6987340847171541,0,0,0
89,12,5,1,F,F,F,2.043810565105139,4.6839566466356555,0,0,0,0.18190804097474844,-2.5123936944238934,0,0,0
89,12,5,2,F,F,F,3.1477773978911006,2.3473500910677623,0,0,0,0.5423898869346145,-2.4750270805493098,0,0,0
89,12,5,3,F,F,F,1.3354928937399615,1.9114212997424453,1,0,0,-1.9891283254486969,-1.9005807185626922,0,0,0
89,12,5,4,F,F,F,1.3354928937399615,3.172987976781372,1,0,0,-2.2561297715821853,-1.69812498853936,0,0,0
90,12,6,1,F,F,F,2.043810565105139,4.6839566466356555,0,0,0,0.18190804097474844,-2.5123936944238934,0,0,0
90,12,6,2,F,F,F,3.1478129374672608,2.347364981151126,0,0,0,0.5424118336165609,-2.475023654991822,0,0,0
90,12,6,3,F,F,F,1.3354954857773487,1.9114164299065926,1,0,0,-1.989132022254436,-1.9005781834044706,0,0,0
90,12,6,4,F,F,F,1.3354954857773487,3.172987976781372,1,0,0,-2.2561297715821853,-1.69812498853936,0,0,0
91,13,0,1,F,F,F,2.043810565105139,4.6839566466356555,0,0,0,0.18190804097474844,-2.5123936944238934,0,0,0
91,13,0,2,F,F,F,3.1478268012887174,2.3473602338964024,0,0,0,0.5424261758535277,-2.475021416300757,0,0,0
91,13,0,3,F,F,F,1.335499591003315,1.9114114336794814,1,0,0,-1.9891330324505478,-1.9005774906411466,0,0,0
91,13,0,4,F,F,F,1.335499591003315,3.172987976781372,1,0,0,-2.2561297715821853,-1.69812498853936,0,0,0
92,13,1,1,F,F,F,2.043810565105139,4.6839566466356555,0,0,0,0.18190804097474844,-2.5123936944238934,0,0,0
92,13,1,2,F,F,F,3.1630797883286204,2.4601586922429246,0,0,0,0.5060132247178745,-2.4805101086493946,0,0,0
92,13,1,3,F,F,F,1.3355004204310201,1.9114107859945881,1,0,0,-1.9891325913628468,-1.9005777931264192,0,0,0
92,13,1,4,F,F,F,1.3355004204310201,3.172987976781372,1,0,0,-2.2561297715821853,-1.69812498853936,0,0,0
93,13,2,1,F,F,F,2.043810565105139,4.6839566466356555,0,0,0,0.18190804097474844,-2.5123936944238934,0,0,0
93,13,2,2,F,F,F,3.1701180111461134,2.4601586922429246,0,0,0,0.5060132247178745,-2.4805101086493946,0,0,0
93,13,2,3,F,F,F,1.2885152277702838,1.9641884941254273,1,0,0,-1.9859037308663818,-1.902789412225935,0,0,0
93,13,2,4,F,F,F,1.2885152277702838,3.172987976781372,1,0,0,-2.2561297715821853,-1.69812498853936,0,0,0
94,13,3,1,F,F,F,2.043810565105139,4.6839566466356555,0,0,0,0.18190804097474844,-2.5123936944238934,0,0,0
94,13,3,2,F,F,F,3.17374218450012,2.4601586922429246,0,0,0,0.5060132247178745,-2.4805101086493946,0,0,0
94,13,3,3,F,F,F,1.2864464494471128,1.964922864900951,1,0,0,-1.9884382212588072,-1.9010538499374867,0,0,0
94,13,3,4,F,F,F,1.2864464494471128,3.172987976781372,1,0,0,-2.2561297715821853,-1.69812498853936,0,0,0
95,13,4,1,F,F,F,2.052806833167542,4.697569151542467,0,0,0,0.17926227989247157,-2.5125297201600665,0,0,0
95,13,4,2,F,F,F,3.173737155076045,2.4601586922429246,0,0,0,0.5060132247178745,-2.4805101086493946,0,0,0
95,13,4,3,F,F,F,1.2837188169058626,1.9649337467530263,1,0,0,-1.9884327455587165,-1.9010576030802673,0,0,0
95,13,4,4,F,F,F,1.2837188169058626,3.170425517344101,1,0,0,-2.2556588372822057,-1.6985187065852796,0,0,0
96,13,5,1,F,F,F,2.052806833167542,4.697569151542467,0,0,0,0.17926227989247157,-2.5125297201600665,0,0,0
96,13,5,2,F,F,F,3.1750768999536856,2.459006987100888,0,0,0,0.5076919997676899,-2.48026562684113,0,0,0
96,13,5,3,F,F,F,1.2837188169058626,1.9649337467530263,1,0,0,-1.9884327455587165,-1.9010576030802673,0,0,0
96,13,5,4,F,F,F,1.2837188169058626,3.170425517344101,1,0,0,-2.2556588372822057,-1.6985187065852796,0,0,0
97,13,6,1,F,F,F,2.0528048804517693,4.697568974552649,0,0,0,0.17926068065639666,-2.512529801776863,0,0,0
97,13,6,2,F,F,F,3.1750768999536856,2.459006987100888,0,0,0,0.5076919997676899,-2.48026562684113,0,0,0
97,13,6,3,F,F,F,1.2837188169058626,1.9649337467530263,1,0,0,-1.9884327455587165,-1.9010576030802673,0,0,0
97,13,6,4,F,F,F,1.2837188169058626,3.170425517344101,1,0,0,-2.2556588372822057,-1.6985187065852796,0,0,0
98,14,0,1,F,F,F,2.0528055961730587,4.697568974552649,0,0,0,0.17926068065639666,-2.512529801776863,0,0,0
98,14,0,2,F,F,F,3.1750768999536856,2.459006987100888,0,0,0,0.5076919997676899,-2.48026562684113,0,0,0
98,14,0,3,F,F,F,1.2837202194070287,1.9649337467530263,1,0,0,-1.9884327455587165,-1.9010576030802673,0,0,0
98,14,0,4,F,F,F,1.2837202194070287,3.1704264351408384,1,0,0,-2.255659732834724,-1.6985179580036116,0,0,0
99,14,1,1,F,F,F,1.6021366637467507,4.706248362078348,1,0,0,0.17412603828530204,-2.51278808395711,0,0,0
99,14,1,2,F,F,F,3.2419870477956163,2.459006987100888,0,0,0,0.5076919997676899,-2.48026562684113,0,0,0
99,14,1,3,F,F,F,1.4132930892458273,1.813663473361851,1,0,0,-2.061435010893173,-1.8496465913975833,0,0,0
99,14,1,4,F,F,F,1.4132930892458273,3.186871367637607,2,0,0,-1.8466387759621907,-1.9933134201270777,0,0,0
100,14,2,1,F,F,F,1.1107062978370956,4.3435750076331185,1,0,0,0.24580109779922,-2.508501363876135,0,0,0
100,14,2,2,F,F,F,3.179806899738328,2.3771715125002495,0,0,0,0.49065884320050823,-2.4827078401136577,0,0,0
100,14,2,3,F,F,F,1.5829982407001104,1.813663473361851,1,0,0,-2.061435010893173,-1.8496465913975833,0,0,0
100,14,2,4,F,F,F,1.1107062978370956,3.3201378059030477,2,0,0,-1.7495273810074905,-2.0510906153546262,0,0,0
101,14,3,1,F,F,F,1.1107062978370956,4.3435750076331185,1,0,0,0.24580109779922,-2.508501363876135,0,0,0
101,14,3,2,F,F,F,3.1824436474035434,2.3779820197623125,0,0,0,0.4926769543362791,-2.4824229235786297,0,0,0
101,14,3,3,F,F,F,1.5829982407001104,1.813663473361851,1,0,0,-2.061435010893173,-1.8496465913975833,0,0,0
101,14,3,4,F,F,F,1.1107062978370956,3.3201378059030477,2,0,0,-1.7495273810074905,-2.0510906153546262,0,0,0
102,14,4,1,F,F,F,2.6370961024440356,4.812809574068606,0,0,0,1.2190681909427348,-2.299071497532542,0,0,0
102,14,4,2,F,F,F,2.96975219488397,2.391368161019052,0,0,0,0.5124110676408566,-2.479573953483265,0,0,0
102,14,4,3,F,F,F,1.58779735639762,1.8090555918167417,1,0,0,-2.0624479431750027,-1.848913561639455,0,0,0
102,14,4,4,F,F,F,1.58779735639762,3.3201378059030477,1,0,0,-1.7495273810074905,-2.0510906153546262,0,0,0
103,14,5,1,F,F,F,2.6370961024440356,4.812809574068606,0,0,0,1.2190681909427348,-2.299071497532542,0,0,0
103,14,5,2,F,F,F,2.9740233390294883,2.391091703909422,0,0,0,0.5168555768230889,-2.478916542935009,0,0,0
103,14,5,3,F,F,F,1.5877966024754366,1.8090580057587453,1,0,0,-2.0624509649732605,-1.8489113740305911,0,0,0
103,14,5,4,F,F,F,1.5877966024754366,3.3201378059030477,1,0,0,-1.7495273810074905,-2.0510906153546262,0,0,0
104,14,6,1,F,F,F,2.6370961024440356,4.812809574068606,0,0,0,1.2190681909427348,-2.299071497532542,0,0,0
104,14,6,2,F,F,F,2.974344742018998,2.3908184769556216,0,0,0,0.5169964685405389,-2.4788956080222664,0,0,0
104,14,6,3,F,F,F,1.5877975393369221,1.8090552137147866,1,0,0,-2.062447600751513,-1.8489138095341404,0,0,0
104,14,6,4,F,F,F,1.5877975393369221,3.3201378059030477,1,0,0,-1.7495273810074905,-2.0510906153546262,0,0,0
105,15,0,1,F,F,F,2.637100255140459,4.812809574068606,0,0,0,1.2190681909427348,-2.299071497532542,0,0,0
105,15,0,2,F,F,F,2.974344742018998,2.3908184769556216,0,0,0,0.5169964685405389,-2.4788956080222664,0,0,0
105,15,0,3,F,F,F,1.5877920573878204,1.8090543596801183,1,0,0,-2.0624503263704264,-1.8489118363428734,0,0,0
105,15,0,4,F,F,F,1.5877920573878204,3.3201302337848024,1,0,0,-1.749528068235557,-2.0510902212907376,0,0,0
106,15,1,1,F,F,F,3.3072518813233693,5.428498287485915,0,0,0,1.497026793821076,-2.182594975579173,0,0,0
106,15,1,2,F,F,F,3.202878661562904,2.3908184769556216,0,0,0,0.5169964685405389,-2.4788956080222664,0,0,0
106,15,1,3,F,F,F,2.0261747592588573,1.7884494918311984,0,1,0,-2.0557542765399552,-1.8537474230365385,0,0,0
106,15,1,4,F,F,F,2.0261747592588573,3.75921038576659,0,0,0,-1.7647321767661837,-2.0423215386093054,0,0,0
107,15,2,1,F,F,F,3.0647018804622936,5.345988877027853,0,0,0,1.4787556616361126,-2.1911254587024844,0,0,0
107,15,2,2,F,F,F,3.0647018804622936,2.5315157422516665,0,0,0,0.4325790651665645,-2.490397592306588,0,0,0
107,15,2,3,F,F,F,2.0261747592588573,1.7884494918311984,0,1,0,-2.0557542765399552,-1.8537474230365385,0,0,0
107,15,2,4,F,F,F,2.0261747592588573,3.75921038576659,0,0,0,-1.7647321767661837,-2.0423215386093054,0,0,0
108,15,3,1,F,F,F,3.0664060319833832,5.347672538915289,0,0,0,1.478710819996843,-2.191146237768534,0,0,0
108,15,3,2,F,F,F,3.0664060319833832,2.531434308218763,0,0,0,0.4325799662431211,-2.490397480632414,0,0,0
108,15,3,3,F,F,F,2.0261747592588573,1.7884494918311984,0,1,0,-2.0557542765399552,-1.8537474230365385,0,0,0
108,15,3,4,F,F,F,2.0261747592588573,3.75921038576659,0,0,0,-1.7647321767661837,-2.0423215386093054,0,0,0
109,15,4,1,F,F,F,3.0694838215299103,5.349291000015334,0,0,0,1.476587399029308,-2.1921293289946546,0,0,0
109,15,4,2,F,F,F,3.0694838215299103,2.531434308218763,0,0,0,0.4325799662431211,-2.490397480632414,0,0,0
109,15,4,3,F,F,F,2.034470586441593,1.781416598026532,0,1,0,-2.0582902805005254,-1.851918848985201,0,0,0
109,15,4,4,F,F,F,2.034470586441593,3.7606941920424153,0,0,0,-1.7671715330808553,-2.040905255457437,0,0,0
110,15,5,1,F,F,F,3.070127233233467,5.349291000015334,0,0,0,1.476587399029308,-2.1921293289946546,0,0,0
110,15,5,2,F,F,F,3.070127233233467,2.5320949263967205,0,0,0,0.43440870472937265,-2.49017035075014,0,0,0
110,15,5,3,F,F,F,2.034470586441593,1.781416598026532,0,1,0,-2.0582902805005254,-1.851918848985201,0,0,0
110,15,5,4,F,F,F,2.034470586441593,3.7606941920424153,0,0,0,-1.7671715330808553,-2.040905255457437,0,0,0
111,15,6,1,F,F,F,3.070127233233467,5.349291000015334,0,0,0,1.476587399029308,-2.1921293289946546,0,0,0
111,15,6,2,F,F,F,3.070127233233467,2.5320949263967205,0,0,0,0.43440870472937265,-2.49017035075014,0,0,0
111,15,6,3,F,F,F,2.0344705825186815,1.7814172610568293,0,1,0,-2.058291269328685,-1.8519181353266985,0,0,0
111,15,6,4,F,F,F,2.0344705825186815,3.7606945097810986,0,0,0,-1.767171705156518,-2.0409051554585202,0,0,0
112,16,0,1,F,F,F,3.070145824390903,5.349291000015334,0,0,0,1.476587399029308,-2.1921293289946546,0,0,0
112,16,0,2,F,F,F,3.070145824390903,2.532081887553056,0,0,0,0.43441969021308025,-2.490168983409711,0,0,0
112,16,0,3,F,F,F,2.0344704205487347,1.7814173122219779,0,1,0,-2.0582910888636903,-1.8519182655721962,0,0,0
112,16,0,4,F,F,F,2.0344704205487347,3.760694440005374,0,0,0,-1.7671716351883635,-2.040905196119354,0,0,0
113,16,1,1,F,F,F,2.9109087816732804,5.184117167019085,0,0,0,1.4802655679707217,-2.1904253397126094,0,0,0
113,16,1,2,F,F,F,2.9109087816732804,2.532080313257102,0,0,0,0.434421564527637,-2.4901687501141496,0,0,0
113,16,1,3,F,F,F,2.3858308806194284,1.4161334627312012,0,1,0,-2.0544292039108782,-1.8547014986015817,0,0,0
113,16,1,4,F,F,F,2.3858308806194284,3.760694440005374,0,0,0,-1.7671716351883635,-2.040905196119354,0,0,0
114,16,2,1,F,F,F,2.954169112693479,5.184117167019085,0,0,0,1.4802655679707217,-2.1904253397126094,0,0,0
114,16,2,2,F,F,F,2.954169112693479,2.4346209681383892,0,0,0,0.36911924600466517,-2.497677941467589,0,0,0
114,16,2,3,F,F,F,2.3858308806194284,1.4161334627312012,0,1,0,-2.0544292039108782,-1.8547014986015817,0,0,0
114,16,2,4,F,F,F,2.3858308806194284,3.760694440005374,0,0,0,-1.7671716351883635,-2.040905196119354,0,0,0
115,16,3,1,F,F,F,2.9539478302922775,5.184117167019085,0,0,0,1.4802655679707217,-2.1904253397126094,0,0,0
115,16,3,2,F,F,F,2.9539478302922775,2.4349615035782546,0,0,0,0.3692542874972372,-2.4976636875441462,0,0,0
115,16,3,3,F,F,F,2.3859603309438664,1.4161334627312012,0,1,0,-2.0544292039108782,-1.8547014986015817,0,0,0
115,16,3,4,F,F,F,2.3859603309438664,3.760844286996416,0,0,0,-1.7672399123974505,-2.040865516925971,0,0,0
116,16,4,1,F,F,F,2.9754773918619524,5.206171298269057,0,0,0,1.4796550698208355,-2.1907085223118545,0,0,0
116,16,4,2,F,F,F,2.9754773918619524,2.4349615035782546,0,0,0,0.3692542874972372,-2.4976636875441462,0,0,0
116,16,4,3,F,F,F,2.386607077431772,1.4153952459859411,0,1,0,-2.0541904971399085,-1.854873272399337,0,0,0
116,16,4,4,F,F,F,2.386607077431772,3.760844286996416,0,0,0,-1.7672399123974505,-2.040865516925971,0,0,0
117,16,5,1,F,F,F,2.9806501021977327,5.211610067311099,0,0,0,1.4797161888883743,-2.190680178322746,0,0,0
117,16,5,2,F,F,F,2.9806501021977327,2.4349615035782546,0,0,0,0.3692542874972372,-2.4976636875441462,0,0,0
117,16,5,3,F,F,F,2.3864194768313416,1.4155857646980095,0,1,0,-2.0541817149189447,-1.854879591522673,0,0,0
117,16,5,4,F,F,F,2.3864194768313416,3.760844286996416,0,0,0,-1.7672399123974505,-2.040865516925971,0,0,0
118,16,6,1,F,F,F,2.9809170780717924,5.211901656744242,0,0,0,1.4797353475897606,-2.1906712931753742,0,0,0
118,16,6,2,F,F,F,2.9809170780717924,2.4349615035782546,0,0,0,0.3692542874972372,-2.4976636875441462,0,0,0
118,16,6,3,F,F,F,2.386411921302821,1.415581399806452,0,1,0,-2.054186841361741,-1.8548759028679829,0,0,0
118,16,6,4,F,F,F,2.386411921302821,3.7608320384922194,0,0,0,-1.7672441830247765,-2.0408630349894246,0,0,0
119,17,0,1,F,F,F,2.9809266206940688,5.21191310302947,0,0,0,1.47973838070252,-2.1906698865090837,0,0,0
119,17,0,2,F,F,F,2.9809266206940688,2.434961029809783,0,0,0,0.369254508517707,-2.4976636642106325,0,0,0
119,17,0,3,F,F,F,2.386411921302821,1.415581399806452,0,1,0,-2.054186841361741,-1.8548759028679829,0,0,0
119,17,0,4,F,F,F,2.386411921302821,3.7608320384922194,0,0,0,-1.7672441830247765,-2.0408630349894246,0,0,0
120,17,1,1,F,F,F,2.9880960510085113,5.199999732541764,0,0,0,1.4275253913281627,-2.2143694960463676,0,0,0
120,17,1,2,F,F,F,2.8372732213018574,2.363058401266755,0,0,0,0.22837853448137024,-2.5096785102040533,0,0,0
120,17,1,3,F,F,F,2.3883813546816923,1.415581399806452,0,1,0,-2.054186841361741,-1.8548759028679829,0,0,0
120,17,1,4,F,F,F,2.3883813546816923,3.762327198282834,0,0,0,-1.765472493148308,-2.0418919895250554,0,0,0
121,17,2,1,F,F,F,2.9880960510085113,5.199999732541764,0,0,0,1.4275253913281627,-2.2143694960463676,0,0,0
121,17,2,2,F,F,F,2.837258606714406,2.363058401266755,0,0,0,0.22837853448137024,-2.5096785102040533,0,0,0
121,17,2,3,F,F,F,2.3883844365873945,1.4155746556833648,0,1,0,-2.054175104460015,-1.8548843479581953,0,0,0
121,17,2,4,F,F,F,2.3883844365873945,3.762327198282834,0,0,0,-1.765472493148308,-2.0418919895250554,0,0,0
122,17,3,1,F,F,F,2.9880960510085113,5.199999732541764,0,0,0,1.4275253913281627,-2.2143694960463676,0,0,0
122,17,3,2,F,F,F,2.837361179598433,2.363058401266755,0,0,0,0.22837853448137024,-2.5096785102040533,0,0,0
122,17,3,3,F,F,F,2.3881424334223627,1.4156391614204513,0,1,0,-2.0542571347618708,-1.854825322901552,0,0,0
122,17,3,4,F,F,F,2.3881424334223627,3.7621207141390793,0,0,0,-1.7654698487661395,-2.0418935242867504,0,0,0
123,17,4,1,F,F,F,2.9880960510085113,5.199999732541764,0,0,0,1.4275253913281627,-2.2143694960463676,0,0,0
123,17,4,2,F,F,F,2.837361179598433,2.363058401266755,0,0,0,0.22837853448137024,-2.5096785102040533,0,0,0
123,17,4,3,F,F,F,2.3881424334223627,1.4156391614204513,0,1,0,-2.0542571347618708,-1.854825322901552,0,0,0
123,17,4,4,F,F,F,2.3881424334223627,3.7621207141390793,0,0,0,-1.7654698487661395,-2.0418935242867504,0,0,0
124,17,5,1,F,F,F,2.993408665298937,5.205218983516778,0,0,0,1.427406281707569,-2.2144223908723903,0,0,0
124,17,5,2,F,F,F,2.8416814366837317,2.364340827377062,0,0,0,0.23104715490858985,-2.5095038413155564,0,0,0
124,17,5,3,F,F,F,2.3923911547592986,1.4123977173349131,0,1,0,-2.055018451924088,-1.854277345012486,0,0,0
124,17,5,4,F,F,F,2.3923911547592986,3.7632136939219447,0,0,0,-1.7662083788799112,-2.0414647725026174,0,0,0
125,17,6,1,F,F,F,2.993436904363479,5.205241911383061,0,0,0,1.4274078373059553,-2.2144217000881414,0,0,0
125,17,6,2,F,F,F,2.8416952697902773,2.364339574774631,0,0,0,0.23105837451944178,-2.5095031026577588,0,0,0
125,17,6,3,F,F,F,2.392391975577355,1.4123977063756765,0,1,0,-2.055021200477445,-1.854275366111028,0,0,0
125,17,6,4,F,F,F,2.392391975577355,3.7632136939219447,0,0,0,-1.7662083788799112,-2.0414647725026174,0,0,0
